RR,SS,t,C_N
3.63227723,-38.79670184,1,C
-2.879496708,117.4658529,2,C
13.37996708,227.4803151,3,C
-12.87512295,191.2451002,4,C
-9.840104003,85.74474589,5,C
1.797552174,106.7918156,6,C
22.06255105,132.579822,7,C
9.1580964,96.12975009,8,C
-20.5551014,211.419239,9,C
-8.197226767,-78.65601325,10,C
13.27311414,-41.16011322,1,C
8.77710411,-112.6759936,2,C
10.86688672,136.5205969,3,C
7.473310132,128.1470597,4,C
-2.249633434,87.62830891,5,C
-3.291331787,116.0411866,6,C
2.810334518,81.96749945,7,C
2.156976903,-56.31120965,8,C
21.07285048,-4.849372504,9,C
7.146455173,62.11829884,10,C
5.44430387,126.1347287,1,C
-2.051270385,46.47602905,2,C
10.73163524,125.6458316,3,C
2.38566425,110.1140285,4,C
4.537139263,-32.48325204,5,C
-4.441490434,342.8614132,6,C
-12.34362824,46.5971057,7,C
-20.55648501,86.3546576,8,C
18.19180375,39.12310099,9,C
10.6590565,86.73299162,10,C
2.234251094,-38.97160286,1,C
7.899162352,67.85949355,2,C
9.530721241,177.0200922,3,C
11.34060036,30.54053504,4,C
-0.420910625,-72.39556543,5,C
2.380956562,87.99401614,6,C
21.23920751,43.05601785,7,C
6.254284306,140.414537,8,C
12.63494898,-90.93037374,9,C
10.311075,-18.7619064,10,C
19.16332246,123.5875996,1,C
16.47157269,176.3097848,2,C
4.665441448,59.15236023,3,C
3.377039962,161.4203819,4,C
8.787107474,40.81010057,5,C
2.74958856,200.9858956,6,C
-5.681683778,91.94876601,7,C
22.95761171,-59.70491498,8,C
4.934370782,62.6778145,9,C
5.786905271,43.7758483,10,C
-7.413711172,27.41959729,1,C
-2.715814458,54.48866848,2,C
8.932700141,23.87258924,3,C
14.26938097,196.1185385,4,C
-4.237446247,-111.4864624,5,C
19.89894919,-2.647516896,6,C
7.329271403,-170.4439012,7,C
8.83643366,118.505121,8,C
30.8674644,67.76700098,9,C
2.672433191,112.2175662,10,C
0.009070424,81.97553389,1,C
4.751022269,-35.76601884,2,C
-13.27560507,249.0440584,3,C
24.00113209,34.76800812,4,C
-12.2316954,64.24951366,5,C
5.945135051,156.6277513,6,C
4.096114225,21.01481261,7,C
11.35967906,59.37041216,8,C
-5.613265623,60.82436162,9,C
1.190671033,51.47367789,10,C
0.684026299,67.99953366,1,C
4.837773275,20.87393352,2,C
11.78018176,142.298716,3,C
-12.70691044,49.59888932,4,C
-6.653516559,26.03992203,5,C
0.278654488,60.11909801,6,C
10.99209248,99.17991091,7,C
9.735511709,22.04607702,8,C
12.32425407,-71.90307398,9,C
6.907856071,51.93694502,10,C
9.847102474,70.00024181,1,C
22.13630305,66.51703025,2,C
13.47288228,18.46914848,3,C
16.2420688,238.8701848,4,C
-8.926920396,-66.57696509,5,C
1.270116834,147.1341993,6,C
5.074769844,125.6167921,7,C
9.148409903,158.0043478,8,C
1.920224159,-18.75063634,9,C
4.486836914,193.614071,10,C
4.113581023,96.04039684,1,C
-0.076769468,9.349984121,2,C
3.309976062,95.75457394,3,C
2.422901362,222.3293786,4,C
23.03015134,217.7494437,5,C
14.42683118,25.314238,6,C
-10.4849108,45.82579544,7,C
-1.456289112,-41.38373317,8,C
16.39585686,95.37235585,9,C
21.11593424,26.77782339,10,C
20.90960139,-108.304454,1,C
-7.953973579,73.61916006,2,C
-6.763656601,-55.00122027,3,C
-2.616571135,159.1276244,4,C
-8.504927843,151.9998507,5,C
-3.590977469,-76.43165616,6,C
20.23178702,-168.657269,7,C
1.972143497,-86.60885671,8,C
22.96522758,3.994751046,9,C
-9.163642701,23.43024227,10,C
17.94928654,180.4442212,1,C
6.731253281,37.51881851,2,C
19.33368428,38.93197326,3,C
-11.34246169,70.52415782,4,C
-8.62376294,4.043366211,5,C
10.22588281,210.7444119,6,C
12.61234242,14.58546945,7,C
2.982043478,-16.29855073,8,C
-3.41036287,61.28546395,9,C
-18.6078061,26.82231179,10,C
0.529594326,154.7030621,1,C
8.694252842,164.5540783,2,C
6.570568667,144.644733,3,C
-6.800314358,258.4605399,4,C
1.623707677,118.3550843,5,C
39.42698033,-19.99923002,6,C
-5.106834223,-60.46220105,7,C
-0.72125038,127.3946374,8,C
-9.094666322,27.7515731,9,C
16.85186374,5.524466928,10,C
-2.822236072,56.85818786,1,C
6.468567038,96.67952535,2,C
7.129967051,24.77583194,3,C
4.878971146,17.65640224,4,C
9.264335508,125.5219628,5,C
-2.483689221,101.1375159,6,C
8.666219926,130.1502278,7,C
-3.911231608,87.15464015,8,C
-9.977861435,45.37218159,9,C
3.213081454,-59.06127633,10,C
0.063255262,87.14844902,1,C
5.670328588,74.51496404,2,C
5.891455815,176.7703238,3,C
18.43787786,91.25152307,4,C
-0.145334938,77.88788426,5,C
12.30451305,121.0161799,6,C
-0.650295904,21.8513043,7,C
-4.842601733,263.3955146,8,C
18.83789502,72.57075709,9,C
-13.64262401,294.5790182,10,C
-19.83215848,173.6019758,1,C
-5.37891073,33.78960617,2,C
4.799124697,171.1126175,3,C
28.86411534,110.317913,4,C
3.335422271,-2.33871677,5,C
8.918084006,194.611268,6,C
0.398449841,-34.51748712,7,C
-1.711878548,-155.6759774,8,C
-1.053485727,143.2740842,9,C
5.664287741,20.22620658,10,C
4.093396323,59.66099818,1,C
13.24721986,40.30802348,2,C
11.65756276,91.69383825,3,C
8.709800004,-13.09023121,4,C
7.888445509,65.45820796,5,C
-1.601724163,109.4664782,6,C
-21.01067774,-148.7451021,7,C
4.298527025,124.8269411,8,C
18.36510428,-6.960946481,9,C
21.5721324,36.28237673,10,C
13.51673823,27.86986504,1,C
3.55154825,100.2439311,2,C
4.009171831,-59.75184211,3,C
-5.90588784,54.58899588,4,C
1.239949941,24.08221294,5,C
4.722525381,79.89767283,6,C
10.57619623,-62.46168615,7,C
1.398867074,-52.56218345,8,C
-0.836546475,16.08844725,9,C
6.464278638,170.9492788,10,C
0.780185988,65.22752402,1,C
14.51566577,-11.11456565,2,C
6.288837394,-73.73925379,3,C
5.314774935,117.9804479,4,C
1.526344592,-55.70218057,5,C
4.637581924,-192.868768,6,C
23.79203045,75.99831933,7,C
7.096476043,34.43695675,8,C
-13.1149497,118.3615149,9,C
22.47732065,91.07769934,10,C
8.904176908,118.2902432,1,C
7.475227003,119.4133698,2,C
7.413787274,119.4577297,3,C
10.6171409,-73.90833562,4,C
-10.02129819,-212.064998,5,C
7.732429825,141.474658,6,C
5.780755001,91.05834816,7,C
10.76363216,33.40136591,8,C
-8.38547725,129.8706716,9,C
3.769183656,16.54183279,10,C
10.24777969,121.2113431,1,C
13.08123841,-90.33107622,2,C
-4.16507114,68.92948627,3,C
11.35849576,80.90608778,4,C
6.370752987,-12.81371675,5,C
1.988526725,-32.20269671,6,C
10.72070972,155.699405,7,C
-6.719737664,154.738689,8,C
1.044347939,22.70175119,9,C
0.956972267,72.45739966,10,C
-1.306774642,77.96310706,1,C
-3.358028865,57.90540688,2,C
13.2189649,-207.8050212,3,C
4.546045354,64.22945746,4,C
15.69828318,115.8911462,5,C
-1.76898812,34.89028905,6,C
-3.472048242,35.27217504,7,C
-3.838377449,36.76495054,8,C
-1.394525253,24.36134646,9,C
8.71961192,275.955482,10,C
12.88449722,-74.32144624,1,C
-3.096756887,44.77284198,2,C
7.068607973,152.1696592,3,C
26.47994872,73.12822886,4,C
-4.289162148,-84.58812249,5,C
4.95491896,234.2214855,6,C
2.649766676,55.79736643,7,C
9.609231343,40.03083419,8,C
14.3866834,88.83202789,9,C
19.46209158,-51.0420656,10,C
-15.34143997,57.28163046,1,C
-2.289322593,3.680213474,2,C
12.85265704,85.52230363,3,C
6.782669345,184.3186715,4,C
3.352865214,-48.98295646,5,C
-10.12657302,-95.36474097,6,C
25.52321143,71.91319184,7,C
15.70119432,33.5464181,8,C
14.14543602,101.9264955,9,C
7.182493522,-81.57173237,10,C
20.72356931,-160.382309,1,C
5.094302765,160.8724451,2,C
-2.586592488,-61.83880244,3,C
2.35400192,95.62285489,4,C
-23.66025323,45.48562932,5,C
12.58501805,-5.454762786,6,C
-10.90320441,136.1835234,7,C
6.925809247,-31.97962339,8,C
-4.521030529,54.61373863,9,C
20.05651062,141.6849083,10,C
21.69229389,110.2501815,1,C
12.00204212,186.8818451,2,C
4.690209835,-68.51622684,3,C
-9.815625433,38.17156925,4,C
25.3996887,-148.3370033,5,C
15.4045678,148.376905,6,C
24.77955923,79.54649034,7,C
5.912204407,-24.91529592,8,C
4.830156936,71.23452201,9,C
-5.848100789,-39.24103861,10,C
11.27784934,102.7038529,1,C
2.347940092,146.3047961,2,C
19.47159577,110.5205602,3,C
-7.855603759,46.01838962,4,C
31.34672711,-11.65810165,5,C
-0.326821541,161.3521758,6,C
-11.06996735,-71.56651038,7,C
-0.683086107,87.95605573,8,C
-21.43923914,24.00091871,9,C
20.22987391,-14.25555933,10,C
-0.891965441,90.06924373,1,C
-2.304125045,32.78669418,2,C
2.035575508,-3.27181333,3,C
0.068212736,-90.46281595,4,C
-2.737602337,-11.29019581,5,C
-14.67686189,2.086831729,6,C
11.83165717,-83.60390738,7,C
12.75134155,-178.7624363,8,C
6.700363723,81.57695364,9,C
18.05315422,106.2963546,10,C
6.985566581,108.5542357,1,C
5.855400505,56.71579686,2,C
-9.168450142,112.0267445,3,C
3.923525158,220.7764818,4,C
14.08935256,-21.48587845,5,C
-6.104994279,-56.02455941,6,C
-14.71711048,73.19965419,7,C
-5.579275697,-17.31976416,8,C
2.746698108,35.92803486,9,C
-6.37452207,-5.702119036,10,C
3.461662118,80.44343085,1,C
1.586092588,53.56664654,2,C
-10.15490121,-25.60742277,3,C
10.75419196,75.10317911,4,C
9.342841246,165.0751093,5,C
-4.357077082,170.2833577,6,C
-1.498643076,2.583802942,7,C
6.848246622,104.4018764,8,C
8.450120079,158.4701773,9,C
-3.649211934,-102.8299174,10,C
-2.467404012,184.2953757,1,C
7.152149623,15.93521239,2,C
-2.018369121,35.36359902,3,C
-2.011773791,79.21393046,4,C
-5.046863467,166.8434271,5,C
16.72180826,142.6132063,6,C
-12.01964131,85.10458739,7,C
-9.950377893,10.99766852,8,C
-6.201985124,9.779259927,9,C
-5.077644916,97.0182675,10,C
2.67037972,-91.50531462,1,C
5.894509525,57.2106671,2,C
9.308458118,146.6742537,3,C
14.41098569,89.81504868,4,C
10.10364986,77.47483066,5,C
6.906076523,76.14289205,6,C
12.59981549,62.90705154,7,C
-1.775322126,-146.3818117,8,C
-14.6254043,47.42145145,9,C
27.75906197,189.4588771,10,C
13.608475,-19.3346803,1,C
18.70916235,-46.23459427,2,C
-5.315475354,56.56893643,3,C
10.77400347,130.4229696,4,C
18.47692936,10.93349215,5,C
23.39428521,30.90331829,6,C
2.778876005,123.594056,7,C
14.0043351,301.477242,8,C
-15.32402966,5.58219089,9,C
0.875125778,140.4719439,10,C
10.85143311,34.96343498,1,C
5.054127244,188.7294255,2,C
17.22829765,-4.521413023,3,C
11.89747219,-99.24043181,4,C
19.1884815,92.56420926,5,C
-4.974799967,162.8247718,6,C
5.354090604,2.471230312,7,C
6.015173254,44.0720857,8,C
23.10271447,79.53055314,9,C
-5.45615528,-20.53754541,10,C
6.524440896,-235.712433,1,C
11.05607136,-110.286924,2,C
3.418530247,-60.10321672,3,C
18.10166381,11.19353096,4,C
23.0521002,137.3567648,5,C
12.22725255,-32.36330113,6,C
-2.243525927,92.39362311,7,C
-12.39885648,104.6461834,8,C
3.695949933,-71.95741192,9,C
-1.062094087,-8.361566212,10,C
0.9262904,35.4314885,1,C
13.18924703,223.0323276,2,C
16.90748954,63.98214663,3,C
17.61308628,-52.06134619,4,C
6.551756612,-10.47402878,5,C
-13.03656155,90.20664182,6,C
-7.274881788,236.8792296,7,C
11.97690529,1.593839618,8,C
-9.043762714,114.8112086,9,C
6.498574556,52.62211731,10,C
15.40406736,-63.92980614,1,C
-18.43890895,114.7127474,2,C
-9.450629724,211.7442676,3,C
-14.1371354,-80.50368807,4,C
-12.48997875,117.7894963,5,C
-0.997933874,69.09109623,6,C
-15.54678975,-13.07477064,7,C
26.13056098,75.56146569,8,C
-1.943184003,100.7376001,9,C
12.93623519,87.66114783,10,C
9.479594237,85.51692207,1,C
10.32627855,124.7128217,2,C
-7.292469528,-54.41818443,3,C
33.41626641,67.49355406,4,C
17.16417802,49.22568166,5,C
2.620686319,95.21372677,6,C
12.30141044,-8.470175737,7,C
27.24493701,153.5564433,8,C
8.322892802,101.0289998,9,C
3.880812021,67.00101149,10,C
6.453230911,62.39361852,1,C
-12.6990122,-1.988683672,2,C
-12.32373484,-25.65697303,3,C
13.39216466,120.5698495,4,C
6.355914052,90.11864576,5,C
7.469947922,96.57702141,6,C
13.59349462,140.8207479,7,C
18.23814229,42.57193158,8,C
-0.345473543,7.470577891,9,C
6.958872103,61.16727517,10,C
-7.904806215,105.3527302,1,C
13.30312312,-11.58944347,2,C
-2.055791103,174.4107794,3,C
-14.16372697,23.71523116,4,C
17.09064104,121.3987884,5,C
14.29685542,-37.68001853,6,C
27.91272105,39.39442312,7,C
6.160464766,12.83694134,8,C
8.94923789,119.7711795,9,C
-6.901917101,68.76288803,10,C
-8.468589135,47.83711259,1,C
21.87322107,-108.8780015,2,C
10.29456159,115.8206182,3,C
3.561061587,25.94234686,4,C
13.13733448,58.32151151,5,C
5.715303558,72.92090488,6,C
2.056315605,19.92112247,7,C
13.31577119,-45.39068213,8,C
5.51051419,-16.34304435,9,C
5.877219803,177.8160446,10,C
0.557579185,69.40665314,1,C
7.870687879,172.9811257,2,C
-27.19643964,67.90920059,3,C
8.75765988,22.36699536,4,C
2.408218894,127.9064424,5,C
16.25463515,58.22029327,6,C
3.764254184,-113.1812727,7,C
3.972613042,2.404188471,8,C
9.089795646,-36.09507405,9,C
-0.948777004,13.08832974,10,C
3.413365265,105.6665596,1,C
12.96448409,70.94470457,2,C
12.40495544,-46.83616864,3,C
-7.143779835,175.0775836,4,C
19.12587678,164.555733,5,C
1.431128529,-82.97703606,6,C
2.538842614,-139.350234,7,C
5.437038379,178.9281096,8,C
-17.32178543,57.69599257,9,C
19.7903254,170.6604208,10,C
14.02104109,71.610388,1,C
-16.28688614,-112.1948717,2,C
-21.23020696,-68.16683157,3,C
0.39383673,-26.60748205,4,C
1.19658963,145.2899475,5,C
-7.515963399,-6.650431655,6,C
1.627082049,-90.1329198,7,C
9.4052098,-62.27399088,8,C
10.18366731,57.28863913,9,C
-9.136935569,152.3841656,10,C
11.61404509,105.2623183,1,C
15.7350832,-66.04592386,2,C
15.4739523,9.696129322,3,C
-9.086742104,124.6867203,4,C
8.792960749,44.80757155,5,C
14.71362411,250.6022712,6,C
-11.52497897,-80.39053108,7,C
10.88728098,128.275087,8,C
34.47568298,14.5242735,9,C
1.313497515,71.76602944,10,C
25.90621621,-39.34512601,1,C
16.52578254,20.27791932,2,C
-2.335881094,111.3549317,3,C
-1.56396845,-45.91130277,4,C
14.49419818,61.43237353,5,C
-16.6906257,-162.5607474,6,C
9.978811394,-24.9163192,7,C
9.257139195,152.3561473,8,C
-9.027117382,-31.11090752,9,C
1.219622079,192.9978116,10,C
-18.29836301,65.9247924,1,C
-5.438868514,25.18376698,2,C
13.85897436,84.28889259,3,C
3.233765347,118.966716,4,C
1.717620771,9.703008911,5,C
21.77177973,76.962042,6,C
7.171955014,-44.65300742,7,C
12.54545238,57.28524615,8,C
-16.88801058,79.26713244,9,C
9.474066277,36.42527577,10,C
26.64097211,133.2067655,1,C
-5.795690111,-7.234389678,2,C
-11.49374205,242.4091251,3,C
-7.270667213,17.02663502,4,C
10.37292117,-31.98272976,5,C
7.523531205,-12.51338545,6,C
-13.41893044,249.87887,7,C
-1.368671007,131.9320251,8,C
6.138459982,14.5602092,9,C
14.08591212,-8.078527244,10,C
2.122556661,-88.83200404,1,C
27.2780095,-45.07457837,2,C
21.16771919,284.1259956,3,C
-19.85321608,74.22557863,4,C
9.894364493,28.57303774,5,C
30.01177049,134.5115322,6,C
20.57844972,115.7476909,7,C
-11.09069868,56.65006366,8,C
-9.822725596,-144.0390241,9,C
3.168948783,88.56957536,10,C
2.845092583,-70.5649068,1,C
18.35774664,31.28688705,2,C
-12.69980564,-7.719863482,3,C
-1.926749603,140.3940816,4,C
11.43817603,9.258623805,5,C
14.78207872,6.89331251,6,C
26.84049569,78.59293636,7,C
-9.020355714,91.26550717,8,C
14.41853462,191.8884089,9,C
18.99322287,42.92989513,10,C
-8.487437706,164.1562537,1,C
6.189925034,192.2672668,2,C
-8.193319002,-106.1304252,3,C
-0.529234693,82.35721684,4,C
13.22201477,89.6566121,5,C
-17.17508809,79.19381816,6,C
20.20157933,-89.96907785,7,C
7.827881307,169.2675322,8,C
4.865341431,156.5748261,9,C
-1.434153647,-115.018373,10,C
-1.045736121,-117.0708615,1,C
22.23259146,-45.53656968,2,C
-10.39612194,90.35069809,3,C
-19.52828581,102.1962485,4,C
25.34702071,56.32263152,5,C
3.715340023,57.52299601,6,C
8.803549009,-61.40365045,7,C
21.14600111,136.5408674,8,C
15.17071705,28.42776573,9,C
6.88328978,227.8188702,10,C
16.5310911,-35.28479574,1,C
15.07995171,-135.888182,2,C
16.53490788,-139.5404864,3,C
3.369403074,-6.044034983,4,C
1.717895417,-23.19077584,5,C
1.330570347,19.90216749,6,C
31.21985536,166.7507852,7,C
18.22262657,-91.95853616,8,C
9.113490199,-71.4160166,9,C
4.091991825,12.36183647,10,C
-0.310568886,113.6461004,1,C
-13.46277096,184.3539063,2,C
-2.893107581,119.0730507,3,C
2.980387353,85.90365502,4,C
8.361035332,49.89733288,5,C
-17.46489357,127.0456052,6,C
6.716270773,58.30704916,7,C
7.652932325,53.64583299,8,C
-6.072592697,69.4716886,9,C
1.553187145,125.947572,10,C
11.64474595,-6.093188328,1,C
32.53678011,42.91013141,2,C
-2.676306948,-165.8993792,3,C
25.06380547,-182.9289837,4,C
4.631493684,-151.1152122,5,C
5.623650156,101.0546321,6,C
7.803623728,21.67371323,7,C
-15.3647866,219.3111901,8,C
-9.69140947,81.58322779,9,C
-1.483146302,42.34959122,10,C
-0.716820094,-63.40593881,1,C
-8.371224988,-92.74278934,2,C
-5.778657457,187.0230987,3,C
5.989360384,-39.99143222,4,C
-7.407979113,41.8022417,5,C
18.84135634,19.15286764,6,C
-0.820109361,85.18892907,7,C
2.430029589,12.32659756,8,C
2.60383791,119.6123785,9,C
-3.572743836,193.0155486,10,C
-3.155647096,-53.15601162,1,C
1.243706307,-27.26992843,2,C
15.3469424,198.9879108,3,C
2.819330981,19.96609647,4,C
14.50549576,118.8888406,5,C
8.461883154,-56.12528899,6,C
13.65522688,78.81668188,7,C
-1.543917924,158.3667785,8,C
0.064256184,-46.51237555,9,C
-22.74506092,64.58408186,10,C
1.99030846,45.33781523,1,C
9.209816879,-27.46654253,2,C
-5.078490121,-56.15020418,3,C
1.854077671,-29.83703711,4,C
-5.946615531,170.7255375,5,C
3.047890969,100.2269411,6,C
15.33728004,28.75479573,7,C
2.346147094,58.7691253,8,C
5.860423317,101.5488792,9,C
0.800296421,81.17545097,10,C
10.55765694,109.8066494,1,C
15.53577607,72.89233969,2,C
7.597683631,-60.50149223,3,C
0.762792209,-27.93346411,4,C
-6.911085178,156.2058855,5,C
-26.84807509,97.05244521,6,C
12.34703367,27.2177168,7,C
-6.492665381,68.16178603,8,C
-7.879881233,186.9712766,9,C
-11.4579402,11.92258487,10,C
3.78180314,46.54532912,1,C
11.10435493,-42.93963743,2,C
6.520982061,8.99723817,3,C
-5.112870726,47.96558128,4,C
6.334856755,41.19480728,5,C
-7.999983054,112.127556,6,C
6.51235303,5.837805732,7,C
-10.1420777,-28.29615282,8,C
-7.321404734,-54.40970373,9,C
-11.79409246,30.07584083,10,C
12.28248715,40.21311309,1,C
-4.031468884,166.7013708,2,C
4.710411178,-25.44132364,3,C
-1.58953053,90.2148828,4,C
4.17818828,-71.18937567,5,C
6.788850086,113.249595,6,C
-8.516973892,197.5451391,7,C
13.17289603,197.8434049,8,C
15.23651222,91.92312222,9,C
11.54138998,25.5394877,10,C
15.0067284,77.28232201,1,C
25.92587973,108.4256181,2,C
11.02773807,17.86396665,3,C
8.560146674,243.5879178,4,C
11.96986763,-95.82743645,5,C
6.664874752,23.0301379,6,C
21.73017888,171.2854628,7,C
9.07805862,131.6345141,8,C
2.889431955,-97.3849529,9,C
24.34015396,70.98796214,10,C
-0.033010332,332.9075945,1,C
5.340035088,188.6116128,2,C
34.09203119,146.2391439,3,C
4.668984971,136.7524691,4,C
-1.07179789,112.8747329,5,C
9.324787974,-81.83174933,6,C
-15.03918305,49.49745624,7,C
2.08047269,88.84585974,8,C
-4.289020842,116.7714269,9,C
3.08387606,158.9090239,10,C
-0.557124279,290.1309928,1,C
11.5378218,120.006672,2,C
7.950730579,-35.28399814,3,C
-0.911818717,56.61283612,4,C
-3.679229688,2.597873649,5,C
-8.254811899,104.4965255,6,C
2.628272432,36.62214693,7,C
10.10713831,-77.84885817,8,C
7.594936186,20.03267316,9,C
10.20292909,25.71944137,10,C
1.89134154,229.0499224,1,C
-0.590869376,30.13615331,2,C
21.91787596,-17.33551922,3,C
12.52716337,95.66020904,4,C
24.42110696,126.6827217,5,C
-2.233150315,124.4176874,6,C
14.23559211,93.40109631,7,C
11.8001852,-21.71144017,8,C
16.30349124,123.8966195,9,C
-7.150262916,-58.62517938,10,C
7.046117927,98.23153164,1,C
3.084684942,-54.26626672,2,C
12.76619139,-130.1125196,3,C
-0.350690707,-75.89280987,4,C
-0.441989579,46.76971269,5,C
-1.453554458,50.55952163,6,C
-14.43952425,93.69002627,7,C
-2.903604266,-168.3372072,8,C
7.231756983,9.863248238,9,C
24.66959767,72.86888027,10,C
12.57083295,128.2704221,1,C
-1.209069182,85.80686566,2,C
9.588252734,22.77809566,3,C
9.216884286,105.1571266,4,C
6.083897283,108.0640485,5,C
-2.920275722,118.3760372,6,C
-9.976518515,144.9505157,7,C
-0.674180766,125.2838841,8,C
21.92370098,0.945687729,9,C
-1.135064037,52.2555228,10,C
2.580196854,107.0528901,1,C
19.13761426,85.24142537,2,C
22.28488963,56.62522816,3,C
26.69222227,25.59247142,4,C
9.544536184,131.139803,5,C
16.0043073,66.27857748,6,C
14.46904023,25.8251264,7,C
-19.22997582,-103.8921068,8,C
10.28094918,72.63962751,9,C
2.918657797,193.2973221,10,C
12.31331512,137.4114778,1,C
-11.54315388,171.1592034,2,C
11.67207251,-81.7544847,3,C
37.53123808,123.3406044,4,C
4.529820663,-41.20264271,5,C
8.712579571,87.71491642,6,C
10.77242543,150.8093647,7,C
3.137437094,54.52044852,8,C
7.224274445,4.203446563,9,C
25.13299184,138.6263585,10,C
3.845281877,-25.40586765,1,C
2.679800127,56.49073945,2,C
10.10213711,-201.5650939,3,C
0.38564706,64.54062012,4,C
24.24368464,6.585748893,5,C
16.26049745,-5.971027081,6,C
2.668754663,116.2610877,7,C
-13.01016944,82.20032348,8,C
11.94389958,-102.0123153,9,C
11.32940887,56.29919851,10,C
1.652035658,-22.38049876,1,C
1.630334433,-127.9488286,2,C
1.776204978,137.1496413,3,C
8.709171251,-47.70908291,4,C
19.9505767,5.309970575,5,C
5.011459394,125.594045,6,C
-2.599720838,24.87511392,7,C
6.985598573,-123.3820959,8,C
12.79280631,4.098739344,9,C
11.90158704,158.1077399,10,C
8.226034158,57.78730764,1,C
-1.387005978,73.79118107,2,C
-6.873275658,160.0153628,3,C
9.636653458,54.27588405,4,C
35.39997658,119.1033725,5,C
7.709665388,90.5451888,6,C
7.606437866,180.0872183,7,C
18.37232444,178.7201393,8,C
-1.387132297,214.1716807,9,C
-9.539239362,-37.68356783,10,C
-4.176834956,56.93903791,1,C
18.63729532,5.886172294,2,C
-0.172493153,43.06228354,3,C
28.44341071,32.48767861,4,C
18.34428582,28.81980062,5,C
15.7715125,28.24694902,6,C
17.31516508,176.2568812,7,C
2.589567006,46.71722801,8,C
17.11876997,-65.84651642,9,C
-5.619050741,16.54393703,10,C
-4.451533607,-29.82036006,1,C
6.738315459,-108.4620946,2,C
-11.06607649,32.84773038,3,C
-6.993959982,135.0455911,4,C
-0.776259599,15.01668125,5,C
-3.825188898,-107.8575671,6,C
-16.01231822,36.95200112,7,C
-15.35292123,74.13380224,8,C
-3.574587051,37.6245922,9,C
0.016533437,62.65219993,10,C
4.353933441,-69.96586179,1,C
4.692810996,45.01575922,2,C
16.10082248,-1.134400802,3,C
-11.46564412,83.53633859,4,C
14.94142806,71.14958612,5,C
-5.715225,281.0423271,6,C
11.81279384,69.36312445,7,C
8.164003692,123.5440306,8,C
4.403567925,82.48522992,9,C
22.0380034,99.36205903,10,C
2.880340257,82.80888134,1,C
3.231212278,-74.03407633,2,C
1.536363221,-112.2304032,3,C
9.141050878,-1.077246661,4,C
37.56035874,120.5167972,5,C
9.03050783,-17.6450314,6,C
-18.97406706,69.54963856,7,C
-8.758100015,27.12981589,8,C
11.55082727,56.96370596,9,C
8.98025206,202.477329,10,C
30.78511049,33.22813513,1,C
3.613159425,115.6457189,2,C
3.323276818,47.42955899,3,C
10.99843476,144.9687359,4,C
24.23066131,55.23191806,5,C
-6.721251729,165.716079,6,C
20.52885766,212.3421154,7,C
6.287961047,-139.1040255,8,C
-3.363260142,-162.4029475,9,C
-1.642849619,48.41673582,10,C
3.166840512,137.1880537,1,C
17.46011298,83.35899039,2,C
-1.88178197,84.91230173,3,C
14.93175733,99.80667505,4,C
26.79131893,42.19355605,5,C
5.894257673,1.071648917,6,C
-14.73459087,71.44209847,7,C
1.157047205,-23.51129458,8,C
17.05664652,138.2984512,9,C
-21.77656673,-79.44030847,10,C
6.067611805,132.0530261,1,C
15.77460714,116.613325,2,C
-5.080029145,59.05520186,3,C
1.479208615,-65.84263256,4,C
6.841008175,-45.66848687,5,C
8.609872521,66.8739402,6,C
-15.33329864,-5.533516494,7,C
9.574639952,70.18576215,8,C
-0.589741904,13.60742837,9,C
-10.49920963,93.38038483,10,C
-3.62375409,137.8295099,1,C
-19.39338815,223.3826967,2,C
-2.273536337,-36.9042391,3,C
7.18064114,81.76140541,4,C
-5.833321103,-34.75731663,5,C
9.750969205,75.29636318,6,C
23.02722495,32.44009535,7,C
12.91752949,-138.2946287,8,C
19.94093579,-115.9631314,9,C
29.91771924,37.5948826,10,C
-7.982667727,54.50805194,1,C
2.179499693,110.5549576,2,C
9.094987962,-66.26718175,3,C
9.860825512,195.4905596,4,C
20.03561573,160.3775245,5,C
7.833785309,7.633738966,6,C
2.914787643,23.09789917,7,C
-18.3636213,122.6844504,8,C
0.878464819,7.133179785,9,C
16.17941304,19.84004789,10,C
-10.40511525,66.78864815,1,C
13.21288689,11.93147374,2,C
-16.35249659,211.9885888,3,C
4.235691111,-114.9988768,4,C
-15.71489797,29.70842502,5,C
11.14398986,11.48330438,6,C
3.709138739,-105.305859,7,C
6.431392382,-5.364861928,8,C
11.81730844,31.7677301,9,C
-7.518291167,138.7715131,10,C
0.467948389,38.86901294,1,N
0.708239274,-18.51790791,2,N
-3.447977937,-20.14806145,3,N
-2.277882014,-1.875134787,4,N
0.450491977,-18.07126766,5,N
1.227767682,27.92083282,6,N
-1.359325802,1.716196488,7,N
0.620154637,46.20321828,8,N
-2.824818355,18.68671916,9,N
0.392591618,-9.546132063,10,N
2.966856295,21.5125356,1,N
-1.21425101,18.37187621,2,N
2.308514317,4.008197305,3,N
2.029138344,-1.046215507,4,N
1.54943566,-18.92275239,5,N
-2.452311061,-3.511826203,6,N
-1.032963218,3.378612926,7,N
1.451731486,7.146463663,8,N
1.095944742,3.384494286,9,N
1.847492662,21.53229135,10,N
-1.632514006,-3.254092257,1,N
0.696711397,28.87312805,2,N
1.305908715,6.611404351,3,N
-0.880754839,-36.57598389,4,N
4.231588811,13.75129404,5,N
1.561693605,33.71849664,6,N
-2.405924769,25.23511291,7,N
3.258496545,10.83346835,8,N
0.015351706,30.90242024,9,N
-1.278482183,-20.67966553,10,N
3.342486947,-21.88339159,1,N
-0.319944952,18.04716722,2,N
4.323587029,-0.327989948,3,N
1.409947804,19.08845829,4,N
0.657139839,-1.510687127,5,N
2.005681601,-6.452670251,6,N
1.42824236,-24.66518988,7,N
0.530048162,28.79663583,8,N
2.155158308,18.34073337,9,N
-2.910631446,3.640293295,10,N
-1.3383023,32.84997428,1,N
0.286599676,24.57296734,2,N
4.974906169,47.48782848,3,N
-2.307681006,-5.003236652,4,N
1.574005068,-2.397681535,5,N
3.193826419,34.57818903,6,N
1.165141992,0.224530255,7,N
3.113655482,7.581283133,8,N
-0.880559277,18.11195779,9,N
-2.30234726,-11.70628222,10,N
2.039126548,6.085960534,1,N
-0.815047265,-0.973295202,2,N
-1.360591678,-4.614427811,3,N
-2.809903874,-9.598366185,4,N
0.688308461,1.276168454,5,N
4.81096548,-1.902941067,6,N
-1.143706479,11.91130236,7,N
1.413261157,19.98179851,8,N
-0.765811263,-22.91054187,9,N
-0.169507937,32.59687011,10,N
0.157922727,20.31528827,1,N
2.580949351,-8.666157252,2,N
0.072975559,0.173651027,3,N
0.169384271,48.93340297,4,N
0.352377697,12.54201453,5,N
-1.242048219,27.46401431,6,N
-0.442620851,17.98489259,7,N
-1.223327677,33.06407402,8,N
0.155215458,26.23498004,9,N
-1.878012716,30.04857715,10,N
2.659335545,-2.940231612,1,N
-0.8938707,12.44907496,2,N
0.29046497,24.48068362,3,N
-0.754817699,11.7855715,4,N
2.849858242,13.16245277,5,N
1.400452172,5.345113772,6,N
0.480360034,-0.591474878,7,N
-2.120984327,22.95158738,8,N
-2.98005525,-14.46151776,9,N
0.132282433,-3.879249281,10,N
0.214857147,18.81667034,1,N
0.216761169,24.53142112,2,N
0.499418129,18.93562671,3,N
-2.263509346,26.33300999,4,N
2.095602368,53.77095934,5,N
1.346369596,-2.590271136,6,N
-0.35245486,30.00677346,7,N
-0.30476755,30.73488867,8,N
-0.27069589,32.73244218,9,N
2.302882344,0.057581137,10,N
0.5029564,23.80637814,1,N
2.76694759,20.67235422,2,N
2.604211091,5.786979165,3,N
-2.088770905,15.93923495,4,N
2.561051963,-16.00401975,5,N
1.813780962,40.6017427,6,N
-3.081389109,-35.41400577,7,N
3.772685602,-17.41028093,8,N
-3.574918356,31.48051203,9,N
-0.99331982,24.63492173,10,N
-2.160608196,-24.75615311,1,N
-1.631782557,1.287525514,2,N
-1.621106321,8.216596971,3,N
-3.043056356,21.65231198,4,N
1.110831616,-25.6802558,5,N
-1.271887746,17.86780386,6,N
0.052322616,26.2632509,7,N
-0.412828411,37.52984435,8,N
2.101984915,4.208894746,9,N
-2.112834705,10.39730063,10,N
1.43002562,-13.84944668,1,N
-3.305045001,-2.243687758,2,N
-1.80776113,-18.56868952,3,N
1.64314847,34.39485838,4,N
2.606683705,3.379016353,5,N
-1.560824709,28.8587968,6,N
5.373103908,12.41744794,7,N
-3.792829303,-5.58837422,8,N
-1.58040482,18.77984939,9,N
2.560993231,8.393833482,10,N
1.610717626,27.18499669,1,N
1.413023071,-3.752207862,2,N
2.403617151,-3.334048238,3,N
3.244114533,25.33847332,4,N
2.286033692,23.10706432,5,N
-0.53201567,32.12985124,6,N
-1.894619915,12.26305877,7,N
3.056876019,10.83122339,8,N
2.672807548,27.6628237,9,N
-0.275319618,0.176070515,10,N
2.400786438,7.85401831,1,N
-1.328798132,37.14154135,2,N
-0.16094116,-19.10368366,3,N
0.683387906,-7.541096364,4,N
2.718314988,-26.62560367,5,N
-0.262832134,10.00759511,6,N
0.335995651,32.85312665,7,N
0.190514065,-2.038877594,8,N
-2.066951485,-4.080636972,9,N
0.061785419,32.0789358,10,N
-2.92401749,6.395316842,1,N
-1.112500615,-26.62489544,2,N
-0.5079182,10.55838847,3,N
-2.922537926,3.788413421,4,N
-0.821902344,6.219985248,5,N
-2.135246229,35.84601315,6,N
-0.004434271,7.434347799,7,N
2.85470383,8.012640474,8,N
-0.006792898,2.871427928,9,N
-0.154122663,28.35128612,10,N
2.025426018,1.231254017,1,N
-2.140486313,2.387453544,2,N
-4.54058828,-0.315747979,3,N
-0.109401029,-5.181345758,4,N
-0.82153308,48.75870358,5,N
0.6181311,30.77374995,6,N
-1.645453024,-3.724688537,7,N
-1.582776987,6.990021208,8,N
1.819156485,10.20568344,9,N
-1.26403086,2.810671899,10,N
0.963412511,34.16440074,1,N
1.035806989,3.061951726,2,N
-1.813211641,22.1367805,3,N
3.09186052,-3.954106077,4,N
3.88373613,46.85314328,5,N
-1.131182594,53.35660625,6,N
0.158968261,12.6709814,7,N
-1.464119697,25.34989055,8,N
4.360230312,-6.752138773,9,N
1.26832665,56.19483565,10,N
2.863058967,-18.35904112,1,N
-3.242749948,-18.39191611,2,N
-0.411117878,13.7868372,3,N
1.942705696,4.204132123,4,N
-1.352622754,15.27408601,5,N
2.575501513,-9.332434217,6,N
1.829954741,7.322851319,7,N
0.47920331,27.91997093,8,N
-0.418772946,18.723727,9,N
-3.963065361,25.24409359,10,N
3.036939458,21.31695093,1,N
-2.924747697,-7.627858578,2,N
-0.992484509,54.78205922,3,N
0.356716954,17.43779464,4,N
1.369927954,-5.673968836,5,N
1.289648182,12.72843497,6,N
0.938638618,31.33323538,7,N
0.50998963,-4.025523732,8,N
2.306406791,35.41966284,9,N
0.275380237,12.04985449,10,N
-0.602353329,-5.953482153,1,N
2.676780226,13.19747156,2,N
-1.990181475,-4.282339601,3,N
-2.590557239,-16.49439626,4,N
-1.841742356,7.095235616,5,N
0.981090169,8.62048076,6,N
-0.002251723,14.12329527,7,N
-2.642119478,21.89667321,8,N
1.927642949,24.20856809,9,N
1.625318993,2.750493788,10,N
-0.982689694,5.60458307,1,N
2.169282654,7.841389861,2,N
1.081112473,42.7372917,3,N
-1.034014985,9.844572647,4,N
3.204357547,11.76939434,5,N
0.679327031,-19.59950467,6,N
3.68121398,21.87104518,7,N
1.56329819,45.00629915,8,N
-0.580674848,18.88220968,9,N
-2.768688611,34.27562902,10,N
-1.179578371,-17.05217013,1,N
-1.181390015,16.59873385,2,N
-1.649231244,16.36446165,3,N
-0.217784803,8.308341821,4,N
1.439082574,18.45943774,5,N
2.413121003,-17.80733662,6,N
1.927001725,1.943270858,7,N
-1.793510047,3.607843437,8,N
2.714283505,3.869145512,9,N
-0.046543545,-16.63346598,10,N
0.062661706,9.803118519,1,N
-2.361184889,13.88756116,2,N
-0.874185969,-7.851650331,3,N
-2.862647058,14.1379173,4,N
0.877050569,29.28895857,5,N
-6.223430997,8.240476779,6,N
-0.091937548,17.71378514,7,N
-3.389247071,-17.51201343,8,N
-0.472918863,-8.597285016,9,N
0.754685932,12.5193428,10,N
2.097764888,-7.055765967,1,N
-0.920821366,22.01956227,2,N
-0.689435207,2.783104239,3,N
-0.305084671,-13.49897602,4,N
-2.730442436,-20.33007123,5,N
2.644922775,30.91644087,6,N
1.21261283,6.38400215,7,N
-0.842363808,28.5370622,8,N
-4.38282594,20.30400795,9,N
-1.535192696,28.07370413,10,N
-0.674730975,27.78778846,1,N
-0.602215952,18.29138771,2,N
-2.645638195,-0.7322745,3,N
1.553954631,35.49989831,4,N
-5.391247221,25.9763959,5,N
-0.925208125,-10.50298986,6,N
-1.723429094,7.638043017,7,N
-0.012621423,-5.15730038,8,N
-0.9862112,9.745654312,9,N
1.387335189,29.02713868,10,N
-0.368549348,15.941217,1,N
1.784484575,16.8296016,2,N
-1.634129483,5.90558705,3,N
-0.307808742,20.67532331,4,N
-1.008393047,-10.42222397,5,N
-0.007514464,29.25282876,6,N
0.93707796,17.92050315,7,N
-2.129052369,-3.197863345,8,N
2.428206722,15.73048981,9,N
2.055078933,21.16737421,10,N
-1.076408017,0.437552903,1,N
-0.18446352,18.92757327,2,N
-2.283276005,0.864332627,3,N
-0.235902325,14.25198212,4,N
-0.038466622,29.04296274,5,N
1.494551534,26.22779282,6,N
-1.65907494,26.83868457,7,N
-4.378695069,14.20684212,8,N
0.232839531,34.9948176,9,N
2.223319507,3.628387182,10,N
0.014084921,16.9505986,1,N
3.345793735,10.55304921,2,N
1.321800883,-10.11570192,3,N
-1.005003711,-3.271637643,4,N
1.666840824,26.82041831,5,N
3.800102275,7.876240034,6,N
2.72254523,17.14723648,7,N
0.191429642,14.35589288,8,N
-0.946440766,22.98275296,9,N
-2.374480159,46.902864,10,N
-0.617085853,15.28339662,1,N
-0.927256321,25.94667296,2,N
0.211721233,17.71786824,3,N
-0.528610636,22.38261167,4,N
-0.022152492,1.041182541,5,N
-0.901238348,21.12089189,6,N
-1.794152158,16.03147965,7,N
-2.705887603,-5.86747921,8,N
0.78508596,17.45092734,9,N
-3.473157071,-16.03985867,10,N
2.26543005,-28.22787927,1,N
-1.063358828,13.53003034,2,N
-2.038496677,16.65536303,3,N
-0.45840117,10.082359,4,N
-2.232922651,-16.15120632,5,N
1.155649997,-7.333123328,6,N
-0.240422508,7.735407429,7,N
-0.536676054,3.829220365,8,N
3.048060953,2.660207315,9,N
0.07811426,-13.77580558,10,N
0.901115552,1.031140392,1,N
1.135725028,23.32956903,2,N
-3.466570551,12.52166085,3,N
-0.214768375,16.245653,4,N
3.96396789,-9.023283489,5,N
2.529280182,-10.0286713,6,N
3.990193885,28.34675722,7,N
-2.580072301,3.887959319,8,N
2.154499096,-20.37968967,9,N
0.875592383,47.90349103,10,N
-0.803160372,-1.40410349,1,N
0.232589034,27.40762834,2,N
2.403042449,-4.400727933,3,N
-1.035075163,-10.7767933,4,N
1.40035965,-18.37148527,5,N
-5.467836553,-1.395492902,6,N
1.547162619,39.15795111,7,N
-1.323514949,27.44321559,8,N
1.466819264,-19.2802157,9,N
2.292285646,-3.420313689,10,N
0.313853275,-19.14568867,1,N
-3.101666644,15.09775026,2,N
-1.711175744,8.331573124,3,N
1.894729607,-15.09539032,4,N
0.513139494,-15.30328523,5,N
1.733432638,7.46109394,6,N
-0.879555717,8.733226554,7,N
2.935720172,31.83299189,8,N
-0.511190922,22.99257262,9,N
-0.231871265,-0.50587202,10,N
2.765019399,22.90588779,1,N
-1.302385864,1.471546676,2,N
-0.408208703,21.88012774,3,N
-2.363803235,19.99346049,4,N
-3.673676536,-21.41210333,5,N
1.421214453,-18.65091638,6,N
-0.477695504,-23.39329692,7,N
2.206261902,0.637030574,8,N
2.109488366,19.00253852,9,N
-0.3435805,-9.656133856,10,N
0.847658145,35.03534637,1,N
2.789505798,-5.819752237,2,N
0.505363345,1.75854657,3,N
2.324491501,28.56385001,4,N
2.220395082,2.599748174,5,N
3.613786406,35.14209756,6,N
1.238213996,50.31566208,7,N
4.210568352,-3.264304178,8,N
0.672542234,26.13291178,9,N
-4.909036667,23.45670677,10,N
1.05104776,0.000185881,1,N
-1.862285955,12.60021028,2,N
-5.38624853,-24.79479076,3,N
0.094265435,-7.092933121,4,N
-0.809249079,1.698064638,5,N
1.991671988,25.24825065,6,N
-2.198932062,42.29889224,7,N
-1.878613882,11.40416837,8,N
-0.131195495,12.9233855,9,N
2.216329334,13.53987521,10,N
-1.76531389,5.491292739,1,N
1.807093081,14.70403842,2,N
-1.300855329,14.13155992,3,N
-0.995044667,2.356776796,4,N
-2.558427753,-2.210460719,5,N
0.429228481,-7.457382613,6,N
0.732680651,13.22955243,7,N
4.264721957,-10.57383184,8,N
0.629470314,11.02130858,9,N
0.014672651,-16.16060918,10,N
-2.232415853,11.06391743,1,N
2.236639356,18.47635104,2,N
0.680579512,-44.44148131,3,N
-0.262462235,38.63707213,4,N
-1.947323753,-14.29966551,5,N
3.25302603,-19.68756932,6,N
-1.466244647,-18.43903364,7,N
1.370938981,11.07795863,8,N
-2.394404137,12.2314579,9,N
0.977059185,16.63535526,10,N
2.937665097,39.73284265,1,N
-2.061563355,8.894360647,2,N
0.315088152,-8.133704905,3,N
-1.583598272,32.28629772,4,N
3.216725362,10.22400539,5,N
1.179548281,-3.471007877,6,N
-0.079439645,27.59595035,7,N
1.35223688,-2.049051648,8,N
-1.22603079,42.92021389,9,N
3.787120916,8.316454741,10,N
0.355753614,22.09837994,1,N
1.816037332,-22.93734351,2,N
-2.112363493,46.57458652,3,N
2.084266705,5.631563694,4,N
1.027544572,-19.60297627,5,N
0.037148757,16.25546116,6,N
-0.267865806,-4.786915408,7,N
-2.948153198,34.56391804,8,N
-1.454302752,29.57094866,9,N
-2.447083452,9.027862879,10,N
3.997310887,40.2363462,1,N
3.387577993,7.267703704,2,N
1.111158754,19.15080112,3,N
1.377789209,25.19386082,4,N
0.929900981,-0.172342535,5,N
-0.670898601,41.27266575,6,N
2.858050393,-21.61547591,7,N
-1.503149678,55.15808701,8,N
-0.033580269,15.12265387,9,N
-1.238478947,-28.44128537,10,N
-0.515661593,8.269090234,1,N
-1.712654441,-7.240654024,2,N
-0.617090894,21.47321348,3,N
-1.835984181,39.70107767,4,N
-1.192148611,28.06059931,5,N
-1.60766885,19.73053421,6,N
-1.432874113,19.60218477,7,N
-4.235772518,-26.12965787,8,N
-1.665892064,27.47691162,9,N
0.038794239,25.64477405,10,N
-1.132339008,36.2087222,1,N
-0.061378694,16.02105145,2,N
-2.188726863,-2.636615337,3,N
1.447808651,24.335664,4,N
1.386827897,12.82654358,5,N
2.069985511,14.21145041,6,N
-0.402337192,-24.34354252,7,N
-0.234770046,-20.47132655,8,N
1.194750139,2.607971909,9,N
-0.98088953,9.647209294,10,N
0.496471879,-4.393468562,1,N
0.408047802,-14.8429602,2,N
-1.535776436,4.957336091,3,N
0.588968085,7.376178761,4,N
-3.528112858,20.27634402,5,N
-2.455110599,-24.92679544,6,N
-0.124591151,3.54700738,7,N
0.98027576,16.52769924,8,N
-0.104019499,-6.656074457,9,N
1.824086882,-6.089407908,10,N
0.781929348,-24.44799103,1,N
1.579230925,-9.993511299,2,N
-0.634793505,17.79331174,3,N
1.307114561,36.37421239,4,N
-2.503369971,-0.944478149,5,N
-2.420553884,-1.4191463,6,N
-4.971668796,37.9130755,7,N
-1.303581688,-10.70957374,8,N
0.243198176,-0.686472358,9,N
-0.882589816,23.7388531,10,N
2.946203411,-6.21594565,1,N
0.119020992,38.3978592,2,N
-2.052626818,-20.57261683,3,N
-5.130090535,-34.11905719,4,N
-0.022727057,46.8281901,5,N
3.409072916,13.35116904,6,N
-1.197290287,-1.059335652,7,N
-0.959426311,7.120799383,8,N
-3.674930488,2.024172444,9,N
-2.84061863,-12.53341748,10,N
-1.638962,-11.86388513,1,N
3.256223575,4.375047145,2,N
-0.52975843,24.16015223,3,N
2.854399846,34.97630617,4,N
-0.758421812,11.78830663,5,N
1.990281648,0.646566802,6,N
3.248966835,18.74730863,7,N
-1.593897699,34.52363538,8,N
1.437318858,8.669934083,9,N
2.479192812,-15.5438756,10,N
3.224948609,8.246465532,1,N
-0.080541895,-30.00246344,2,N
0.6502757,28.67222501,3,N
-1.082894818,40.7773835,4,N
2.238773866,26.67571984,5,N
0.668707117,21.39726201,6,N
0.945205108,15.58109166,7,N
-0.238711771,12.26136244,8,N
-2.530311504,-18.81165937,9,N
1.744640613,-6.891580054,10,N
0.72953095,23.85127302,1,N
1.101909656,8.130773939,2,N
-0.874928593,30.3711975,3,N
-1.891667149,18.39721169,4,N
3.688052747,47.68736389,5,N
-0.772389917,10.9557897,6,N
2.89295302,6.555259005,7,N
1.504260614,2.155083964,8,N
-0.837500469,35.44890171,9,N
-2.29536414,6.257560377,10,N
2.228489429,1.867957518,1,N
-2.827115198,41.84754263,2,N
-2.353550016,24.98671001,3,N
3.478923488,10.81561628,4,N
-2.224678085,13.96917313,5,N
-0.5155146,26.99268975,6,N
1.355602579,-13.13669625,7,N
0.319231019,15.79111919,8,N
1.412827159,27.63062518,9,N
2.409251643,-22.42039146,10,N
0.40017773,17.0425349,1,N
3.064107554,22.86573751,2,N
1.428161306,23.70234075,3,N
1.520490599,33.81605143,4,N
-2.935673645,-18.75666332,5,N
-5.486059873,19.81316283,6,N
-1.349653049,-9.083947121,7,N
-2.670136749,19.03981993,8,N
0.12427645,17.15990535,9,N
-2.627947247,-4.531149448,10,N
1.420331124,54.76589347,1,N
-1.286132193,15.97931068,2,N
-2.964562695,22.64395212,3,N
1.409554339,6.498640244,4,N
4.550836272,-24.14875096,5,N
0.18629615,30.37603789,6,N
2.55709464,13.45457216,7,N
-0.151093812,10.881961,8,N
1.197326247,34.03695664,9,N
-1.623796757,31.62521013,10,N
2.698307068,-7.038391879,1,N
-0.287867734,25.62205418,2,N
1.382206484,-17.58861208,3,N
-0.558078675,8.503019912,4,N
1.558412563,9.751117596,5,N
-2.787573146,25.67926643,6,N
-2.890925758,-4.090658408,7,N
-2.604141112,-14.30710188,8,N
0.251614536,15.33860194,9,N
1.215403792,6.840538536,10,N
-0.232708465,24.24256212,1,N
2.601959981,9.926988965,2,N
-2.340989284,51.54152573,3,N
-0.092912216,1.93006919,4,N
3.636207332,-22.35233303,5,N
1.179887096,25.18697068,6,N
2.845395193,14.7240155,7,N
-2.422661911,4.958986227,8,N
-1.923647259,5.079178742,9,N
-4.872102574,11.46848887,10,N
0.446329966,25.63920758,1,N
-0.331293031,4.173170183,2,N
1.269996601,47.16705164,3,N
-2.402662454,-5.282050634,4,N
2.406777049,2.119662888,5,N
-0.038570103,12.02600939,6,N
2.350859668,13.64056266,7,N
-1.041627344,-2.181654799,8,N
0.147719048,22.95899829,9,N
1.076937596,38.81188847,10,N
1.812407518,39.69364274,1,N
-0.102871147,-11.98930024,2,N
0.042328239,7.54817763,3,N
-2.065323382,12.07565338,4,N
-1.927848787,-8.490614667,5,N
4.112008987,16.54264359,6,N
0.88482686,-0.744210731,7,N
-0.336550166,4.268025253,8,N
-0.586007499,-13.72933237,9,N
0.01886403,30.3921518,10,N
3.561933298,31.00213607,1,N
-1.740055621,4.689523831,2,N
-1.318359701,54.17527214,3,N
-1.511995905,-9.408398213,4,N
-3.307311641,11.61784142,5,N
2.490113696,-1.665287165,6,N
-1.161936118,57.42434031,7,N
-1.521907734,20.06640835,8,N
0.313501219,-16.14987514,9,N
-1.748535294,13.60386185,10,N
-2.589596927,-18.36721067,1,N
0.674314521,14.07982784,2,N
0.970263743,19.17309454,3,N
2.352805889,23.70104992,4,N
-0.438191177,40.91551243,5,N
1.885023692,18.55640434,6,N
-0.97203013,3.919547318,7,N
3.159011945,59.46157245,8,N
-4.0819783,55.45026359,9,N
3.492506818,58.19833782,10,N
0.617476896,10.35621319,1,N
3.66237894,2.79214532,2,N
-0.380084279,6.339126424,3,N
1.502482488,38.24960283,4,N
2.500484211,19.45018515,5,N
-0.363213883,10.30197865,6,N
0.04653111,4.252554384,7,N
-1.874863668,-18.67071858,8,N
1.199634899,-3.461017951,9,N
-3.167906307,5.903420149,10,N
2.727330638,24.65227343,1,N
-0.231044719,12.67546703,2,N
-1.962035059,23.99189502,3,N
-2.185212708,39.27689152,4,N
1.683701196,-26.13146152,5,N
-0.7224394,4.973182841,6,N
0.713375754,33.41517717,7,N
0.01832595,36.60529571,8,N
-0.44095218,-43.04374001,9,N
1.323211525,10.17676928,10,N
-0.157334967,7.492853109,1,N
0.756341626,-1.363635711,2,N
-3.282461246,-6.146401841,3,N
0.315109536,30.05311094,4,N
-0.036557502,18.29986357,5,N
-0.093404015,12.18423229,6,N
1.740484199,-31.43068196,7,N
1.045328332,-27.28727388,8,N
1.389294123,23.40001486,9,N
-0.452919841,14.60847858,10,N
-1.812587251,-9.627668797,1,N
-1.859866644,13.77442152,2,N
-2.651565825,10.04579992,3,N
2.272550152,7.780389089,4,N
-1.489663723,18.98084427,5,N
0.190981989,17.09887703,6,N
-1.759744287,9.676736889,7,N
-3.457739833,22.98671631,8,N
-0.367188157,6.868810495,9,N
-0.390355327,25.64612238,10,N
1.492028244,14.60416293,1,N
-0.951282691,13.82528026,2,N
-3.23002501,14.61958155,3,N
1.872253843,6.20230125,4,N
-0.86268645,-12.1150085,5,N
3.78198767,17.35851291,6,N
-0.11763159,36.97378434,7,N
-0.60865909,15.40965586,8,N
1.6024929,32.41496441,9,N
-2.937675646,-18.55141557,10,N
-2.164808631,-1.452553756,1,N
-0.082512567,-5.713394977,2,N
1.863053177,1.759564314,3,N
1.255128456,-8.68855786,4,N
-0.446943638,-44.72300088,5,N
2.751953021,19.17359745,6,N
-3.210169905,2.505838131,7,N
-2.107318751,20.30206468,8,N
1.554820426,32.94664251,9,N
-1.329275753,13.8807427,10,N
-2.509753132,5.825233055,1,N
-2.108963989,4.134365551,2,N
1.490345276,0.844740607,3,N
-0.387708253,15.6700144,4,N
0.305329373,10.06959162,5,N
3.72410539,9.413639581,6,N
-1.521212739,27.33354295,7,N
-0.746938,15.83826051,8,N
-0.343415756,-3.839412536,9,N
-1.715006033,32.6842711,10,N
0.261813504,-9.576058522,1,N
2.319235649,18.72594729,2,N
0.000362837,14.01479871,3,N
3.979691526,12.78392764,4,N
3.100862685,-2.560824573,5,N
3.064691644,-18.52426927,6,N
2.146659233,36.96152249,7,N
-0.959518941,15.69284008,8,N
2.308105959,-5.311553198,9,N
-1.369893926,7.225389828,10,N
-2.439680344,-20.85558847,1,N
-1.030768735,15.7600078,2,N
0.635615987,-4.273127601,3,N
-3.656953642,13.92962127,4,N
-2.339177831,-23.07964922,5,N
1.376986166,47.92153408,6,N
2.504354883,12.26712281,7,N
2.777663578,8.73055949,8,N
-0.926772004,54.45926042,9,N
0.724768823,12.64286581,10,N
2.3896106,17.64011629,1,N
-1.802631494,4.281557512,2,N
0.245386553,24.4115692,3,N
0.389052309,39.55656711,4,N
0.70513113,30.65442846,5,N
0.17530058,31.58959577,6,N
0.803287334,21.96812686,7,N
0.419000475,13.20232458,8,N
0.141204045,12.23178789,9,N
2.773942232,1.230081327,10,N
2.855900769,23.23447241,1,N
0.449941254,16.26119522,2,N
-2.06361946,23.6124297,3,N
1.635766779,14.1863701,4,N
-5.458235918,11.45149637,5,N
-1.391753129,12.48737818,6,N
-3.782873448,3.741969791,7,N
2.29241267,60.75623191,8,N
-0.526405795,6.298077475,9,N
-2.124896123,-0.164741178,10,N
1.64519156,-7.870641133,1,N
-0.366803521,9.9231552,2,N
-0.580864813,22.3774334,3,N
-1.659660331,26.13593663,4,N
2.199064455,-12.65690647,5,N
1.165614308,5.963952316,6,N
-0.517701214,-25.38630469,7,N
-1.218533945,2.046148039,8,N
-1.978092154,12.62385216,9,N
-6.066669209,9.174568965,10,N
3.734498508,-28.41769329,1,N
-0.499432585,20.72157134,2,N
-1.662688316,6.566439552,3,N
2.080979961,-7.016632247,4,N
-3.076964684,19.34214508,5,N
2.024122225,-6.217648572,6,N
-0.312380888,-0.512018791,7,N
2.650427996,30.2659438,8,N
-0.191099142,2.371902519,9,N
3.192469581,-0.35810342,10,N
-0.637077431,-8.609046693,1,N
-0.337782564,-16.15103008,2,N
-2.665053264,9.257121774,3,N
1.048767481,-12.75039944,4,N
0.817751488,20.59426258,5,N
-1.79127629,-6.060112622,6,N
2.472866216,6.633865502,7,N
-3.7147701,6.384895877,8,N
1.48564869,15.61021649,9,N
-1.863096211,18.41527051,10,N
-1.47357613,6.138454337,1,N
1.233064993,19.44053221,2,N
-1.076812199,3.468258533,3,N
1.429147035,27.36868415,4,N
1.352933325,-6.294995847,5,N
0.277006815,2.261248509,6,N
0.415964707,15.59104968,7,N
0.347599048,-7.80557078,8,N
0.820547809,38.36574396,9,N
-2.341387411,18.12212365,10,N
0.649219834,15.0872049,1,N
0.801335292,-14.58206803,2,N
-1.395754686,-25.88866693,3,N
0.275747416,-4.723740784,4,N
3.22154951,-0.878237083,5,N
0.878170516,-14.16559897,6,N
0.580266339,24.13926492,7,N
-0.215930682,-7.981480222,8,N
4.368316416,-8.754774188,9,N
4.928607901,-17.2581668,10,N
2.002293156,1.972810018,1,N
-3.055303113,11.21968688,2,N
0.449137758,-12.53350138,3,N
0.423607305,32.76003264,4,N
2.557509864,-14.84130863,5,N
0.138266343,-18.35357251,6,N
-0.488042165,11.45343524,7,N
1.645742689,10.00593082,8,N
0.867068088,3.966069906,9,N
2.051712403,4.292674657,10,N
-2.726706169,7.600425332,1,N
-0.616616836,24.76561171,2,N
-2.42567539,-7.634676769,3,N
-0.245589963,25.72993946,4,N
3.293999595,-14.89187032,5,N
2.803064128,38.5903091,6,N
-2.14733078,27.13436135,7,N
-0.348877966,8.055855467,8,N
-0.497003694,-19.22590198,9,N
1.868607391,-20.46778916,10,N
-0.502218018,26.1435403,1,N
-2.705950105,26.66978076,2,N
2.866243023,-9.137672198,3,N
-1.261852782,53.30096776,4,N
1.304884015,22.64564017,5,N
-2.07750644,10.50384791,6,N
-0.079855457,9.831924021,7,N
-1.151226363,10.73486555,8,N
6.388667173,6.725802548,9,N
-0.535847559,-10.1613046,10,N
-1.306420581,-30.79814162,1,N
-2.809215706,0.044160353,2,N
-0.063783414,22.81763638,3,N
0.277364837,-3.971563385,4,N
-0.529276533,0.486444218,5,N
-0.070194465,5.27867258,6,N
-0.625116549,26.31827955,7,N
-3.385297168,16.23933738,8,N
-0.18043355,17.31190286,9,N
-3.671974225,-27.63321608,10,N
-0.665400362,-4.259511981,1,N
-2.640400265,18.9056691,2,N
-2.031710386,40.39332121,3,N
-2.183489635,39.22133311,4,N
2.585076431,48.18689236,5,N
5.046660282,-8.551181776,6,N
-0.119938761,23.91204548,7,N
-0.988345978,17.30390092,8,N
4.139061111,-36.51044265,9,N
-2.00510018,-2.488238834,10,N
-3.146180291,47.0674839,1,N
4.29490147,4.80106061,2,N
-0.169430297,20.0496984,3,N
-3.825699976,-14.53335745,4,N
4.020041652,2.232286942,5,N
-0.286325199,-7.162093073,6,N
0.118297013,-2.521247138,7,N
2.330596903,-9.949302047,8,N
0.496536057,2.926500664,9,N
-2.166538209,38.07589207,10,N
-1.314405512,-11.84630665,1,N
0.084579889,12.18834449,2,N
-2.781105421,-5.385384464,3,N
-3.714163325,34.84630375,4,N
0.752155295,25.12597689,5,N
-1.350191791,-24.26610857,6,N
1.946082123,21.9750928,7,N
-1.174459636,23.71973699,8,N
-3.798341633,12.72150306,9,N
-2.27928915,16.26952492,10,N
0.962021116,12.10323491,1,N
0.349196705,13.95303213,2,N
-2.813950106,2.752431454,3,N
0.015723158,2.203407743,4,N
0.204923706,-11.36004004,5,N
-3.886395403,3.600743794,6,N
-0.607318696,-8.725510829,7,N
-4.4501003,-11.88091781,8,N
-2.412448847,3.71709437,9,N
3.667539975,4.327292541,10,N
-0.211009348,-15.8329055,1,N
-2.713108533,-50.06536264,2,N
0.562346671,10.49481763,3,N
1.222277279,23.06252162,4,N
1.08865967,10.62061578,5,N
1.657032746,-21.25248743,6,N
0.840237824,7.298927341,7,N
-1.338254948,15.94370898,8,N
-0.784362325,8.211681296,9,N
1.209204063,12.17640477,10,N
1.703963745,28.19307757,1,N
-1.026549185,25.56565164,2,N
-2.396407483,23.9428391,3,N
3.480170948,-8.825078255,4,N
1.564373965,-0.417259988,5,N
0.808323644,-24.97452907,6,N
-1.005548836,-22.34117112,7,N
-0.59401013,-3.36212535,8,N
-0.613732411,13.35702815,9,N
-1.495699717,33.7486971,10,N
-0.950052555,13.47212149,1,N
-0.287508042,29.35433845,2,N
0.486512824,-11.94530452,3,N
-5.052580282,3.051492418,4,N
-0.155521072,15.54561188,5,N
3.295684544,2.74219846,6,N
-0.798145067,14.39316614,7,N
-0.60337265,7.089969891,8,N
1.191807308,18.23432875,9,N
-0.142168561,-1.492699608,10,N
0.790692041,8.160762337,1,N
-1.220281455,38.22907931,2,N
0.514845609,29.85716408,3,N
2.827575361,0.56632886,4,N
1.230262848,0.776565824,5,N
-2.681644838,-4.045894462,6,N
-1.603120315,26.37614177,7,N
1.268922175,7.908512217,8,N
3.597037487,13.39665722,9,N
0.581748166,19.89772089,10,N
-2.38770327,0.434080471,1,N
-0.145581103,0.16244213,2,N
-0.228301154,29.53555533,3,N
-2.312924198,9.756350411,4,N
0.211559427,24.62861379,5,N
2.069964516,-38.26241433,6,N
-0.466983575,-1.149796926,7,N
4.495304496,18.70053765,8,N
3.146266766,38.28621696,9,N
-4.758336255,5.088066909,10,N
2.441060824,5.233776594,1,N
0.203108661,-26.22307338,2,N
-2.951498818,-4.036221265,3,N
-0.523426211,55.00389033,4,N
0.876623499,45.7391996,5,N
2.341706722,-21.52244187,6,N
-0.77147014,17.17752135,7,N
-2.922238552,7.23497442,8,N
-1.812284027,-4.943856166,9,N
2.357456627,-15.14196746,10,N
-2.949596176,-10.66941673,1,N
-0.149158243,29.66899978,2,N
1.63190124,-6.767581283,3,N
1.95437704,-24.04592795,4,N
-2.109959143,-19.18490623,5,N
-3.116656383,38.57687437,6,N
-2.09101919,-10.50361522,7,N
-0.505098552,-19.10921963,8,N
2.007810808,10.15532123,9,N
-0.858391087,16.61482793,10,N
1.486405783,17.40072218,1,N
0.428563493,3.115880624,2,N
-3.474043312,33.01587224,3,N
-0.217879468,17.84292344,4,N
-1.920946171,0.762282831,5,N
0.11067274,-22.46900986,6,N
2.614395372,24.0056193,7,N
-2.784521859,-21.97771725,8,N
1.927168383,-2.375436422,9,N
2.53253616,10.01236476,10,N
-0.120218052,6.612956453,1,N
0.829985865,33.58147221,2,N
-0.486112329,25.97515181,3,N
1.171185927,21.97891132,4,N
0.44820265,6.19962923,5,N
-4.351867873,13.93958361,6,N
0.449708365,-14.96851233,7,N
-1.460410028,8.017932645,8,N
-2.807752991,17.81171868,9,N
-3.053955599,28.2999693,10,N
-3.09397753,29.93025411,1,N
0.591740535,-7.581150667,2,N
1.14224601,-2.497127203,3,N
-3.648149258,-6.103004543,4,N
-0.137594499,35.32200985,5,N
2.175150391,5.666795612,6,N
0.209251511,23.00296323,7,N
-1.964409163,49.5938367,8,N
4.294143881,21.74273834,9,N
1.504793949,14.40482187,10,N
-0.223787348,2.826022191,1,N
0.237448488,40.4833189,2,N
3.878613074,13.12567726,3,N
-0.551478948,32.97028306,4,N
0.068596435,-1.989073467,5,N
-2.519089572,-18.59197841,6,N
1.502129775,26.2820865,7,N
0.705325968,-4.753607502,8,N
-1.441178937,6.237029717,9,N
3.146594463,-25.10324611,10,N
3.432114885,29.76302302,1,N
-3.035379828,30.29713281,2,N
-1.712585802,31.58413281,3,N
1.280978925,-12.9823069,4,N
1.595829987,0.010606171,5,N
-0.352215567,-10.99546761,6,N
2.141843867,32.99817288,7,N
-0.708097595,34.43195527,8,N
-0.068078677,7.638997632,9,N
2.606038033,21.21550077,10,N
-2.218143012,23.26384692,1,N
1.349028724,3.857079884,2,N
1.620186491,11.0719657,3,N
-2.087248959,3.841605951,4,N
1.103068619,22.05260122,5,N
3.018677149,-17.42892514,6,N
0.294294357,-2.399156925,7,N
0.645190814,9.769746962,8,N
-0.07369868,2.607571444,9,N
-1.732927363,-0.626650574,10,N
0.309660125,3.208080349,1,N
-0.87998965,33.79806193,2,N
-2.100314285,35.76073882,3,N
3.444250359,-1.801171444,4,N
-1.125618791,32.77490563,5,N
2.481507553,2.360238396,6,N
1.55918445,9.694777397,7,N
-2.255025698,7.626557598,8,N
1.719529591,5.631495513,9,N
2.544815588,-7.130101559,10,N
-1.782464014,6.566933653,1,N
-0.926824484,54.22517513,2,N
1.698121173,21.02954301,3,N
-0.74416328,-4.168033156,4,N
1.171803284,24.60188093,5,N
0.124881391,6.402949493,6,N
0.566425924,47.91324322,7,N
4.639531328,-0.324837497,8,N
0.525042725,-2.771817026,9,N
-3.495757994,-8.804190082,10,N
-1.135094061,-9.206187242,1,N
-0.699438803,21.48950151,2,N
3.45101186,12.36562662,3,N
1.053835397,0.205387006,4,N
-0.53809147,16.45005713,5,N
-0.196491547,11.44401847,6,N
2.821781923,64.67960491,7,N
-1.015811228,34.71514981,8,N
2.561114798,-18.83747864,9,N
2.555165624,-6.623945128,10,N
-0.288258988,19.53087058,1,N
-0.59469929,-11.70696633,2,N
0.906398554,-18.33244263,3,N
1.155780183,-21.88753095,4,N
2.872044996,-4.462624525,5,N
-0.095231264,4.31551934,6,N
-0.322739409,43.16372205,7,N
3.419157018,6.487253857,8,N
-0.299287619,-16.06218779,9,N
0.496205488,28.45804232,10,N
0.006395845,20.44823555,1,N
1.077018175,-29.25864805,2,N
-0.940335241,32.93792586,3,N
3.479953858,10.56200603,4,N
1.324075342,29.12591126,5,N
3.405831866,0.630289794,6,N
-2.125389399,-21.81009903,7,N
0.11968929,28.07768845,8,N
-2.444905437,13.0933417,9,N
0.594883792,13.23937772,10,N
-2.270688091,-6.603853451,1,N
1.029922967,-7.888822352,2,N
-0.934801998,14.20667489,3,N
-0.279184828,0.895009605,4,N
3.998825012,18.7955449,5,N
-1.150711648,0.00577304,6,N
0.221507454,49.96773246,7,N
-3.003948351,-14.37818039,8,N
-4.27661334,16.71458783,9,N
2.940506104,-0.367457474,10,N
1.291798851,23.39874134,1,N
1.630965599,6.286927954,2,N
-0.612876645,6.655334079,3,N
-0.777334269,-23.49227034,4,N
-0.371393956,58.2047706,5,N
-1.397494274,1.353434842,6,N
-1.67809386,36.06050475,7,N
-1.30462623,-11.1380626,8,N
2.521643431,4.171387449,9,N
2.447600616,12.88640196,10,N
0.81804155,-19.1524433,1,N
0.099462171,-5.654015035,2,N
2.376989617,20.91962718,3,N
2.138262437,44.38599052,4,N
-1.012009479,2.056734793,5,N
1.950133016,-0.852804797,6,N
-1.825552244,29.03090185,7,N
5.06851071,-9.335029256,8,N
2.183494758,30.93500217,9,N
-0.603896448,-24.08369079,10,N
-1.878501899,22.06355869,1,N
-1.682715833,-7.133963142,2,N
2.237738054,-4.981131326,3,N
0.624567665,34.03290615,4,N
1.297011287,-23.14385022,5,N
0.496916992,19.02150933,6,N
-0.768661068,17.92475264,7,N
-1.439055327,3.65043626,8,N
2.654219341,17.79472524,9,N
-2.216895609,27.07322157,10,N
0.969897565,-29.94986733,1,N
-0.663820589,29.56994393,2,N
-0.192926147,17.90409318,3,N
-1.930675703,1.730351389,4,N
0.756731286,-15.26859916,5,N
-2.019276129,-5.434317619,6,N
0.524390334,34.75268963,7,N
2.07460452,38.33254002,8,N
-0.628314495,6.682640669,9,N
-0.795405804,15.7887088,10,N
1.042235467,11.38658721,1,N
-0.052321636,37.46606816,2,N
2.328891285,-37.49975756,3,N
0.708876478,-4.35863931,4,N
-0.675536678,11.22915209,5,N
0.548919851,15.92125755,6,N
0.430714552,6.625193632,7,N
0.048214562,23.44074853,8,N
4.04264599,5.029893742,9,N
3.719977692,25.57939709,10,N
0.620637596,0.710506928,1,N
1.589965169,19.40724616,2,N
-0.870880368,40.26431681,3,N
0.317029906,-25.25452918,4,N
-0.23278543,22.23110159,5,N
4.631959304,10.189373,6,N
-0.679392311,13.72205973,7,N
-0.57249297,23.27205613,8,N
-1.036432758,10.11439232,9,N
0.108154476,-4.687891609,10,N
0.790741507,23.14905708,1,N
-0.533139216,4.72582403,2,N
0.223484294,-1.652614494,3,N
-0.774309631,27.87371653,4,N
0.543377859,18.67385194,5,N
0.369997096,60.96713791,6,N
1.874361736,9.8163363,7,N
-0.564000858,0.130110383,8,N
-1.583887025,-14.74274273,9,N
-3.925385667,-19.30480101,10,N
-2.465558968,-10.16902946,1,N
2.058391696,-0.39486346,2,N
1.40489472,-5.480743111,3,N
0.338908699,15.11131224,4,N
2.955086474,8.229927158,5,N
1.705966087,0.902903208,6,N
-0.825958909,35.68856502,7,N
-3.653421107,-6.55775447,8,N
-1.628555334,14.03396466,9,N
3.547344081,7.744497359,10,N
4.520628209,3.636723554,1,N
0.661399093,17.25135199,2,N
-3.633803082,19.144721,3,N
1.791293305,8.942637639,4,N
-0.349241354,4.029529891,5,N
3.534548261,7.106354969,6,N
-3.275968991,7.86935058,7,N
2.618666743,14.73863078,8,N
-2.687675706,31.0981412,9,N
0.762997944,22.61620544,10,N
-3.60830273,-0.564340552,1,N
-0.161418811,-15.83393675,2,N
2.53537874,10.06399932,3,N
-3.141179063,8.679152417,4,N
-1.783400687,0.660132115,5,N
0.9187294,-9.085535649,6,N
2.793740415,-13.72740758,7,N
-0.069377925,0.521821787,8,N
-3.165346623,19.08714362,9,N
0.201950236,45.72892146,10,N
-3.31287187,3.371531228,1,N
-3.885195798,33.00095747,2,N
4.59665468,24.54160983,3,N
-3.305440396,15.12193985,4,N
-0.333706109,27.23651988,5,N
1.849121715,8.655057332,6,N
-0.896894569,20.15377406,7,N
0.504721751,0.828368759,8,N
-0.963723385,24.35687626,9,N
-0.503924469,22.27253204,10,N
0.581413247,1.362933756,1,N
-0.860450383,-31.29407613,2,N
-0.392655039,36.81907178,3,N
-1.673661329,42.50465006,4,N
-3.496133532,19.99111949,5,N
-0.585514156,-16.12529481,6,N
-1.14070496,50.57128134,7,N
-2.993376362,25.65906112,8,N
-3.074473828,39.04185122,9,N
-0.27387259,26.75443019,10,N
0.306818326,-2.659625387,1,N
1.988402014,4.077236437,2,N
0.577234531,-20.96520865,3,N
-1.366463771,18.61263919,4,N
-3.087870125,27.98310552,5,N
1.754702186,-8.673472377,6,N
-1.746760831,-5.086833764,7,N
-0.176941728,2.008157638,8,N
-1.247003224,34.87611108,9,N
1.62440066,39.37691349,10,N
-2.014371522,18.21980115,1,N
0.469303977,34.01295667,2,N
-0.377968145,19.14106982,3,N
2.561948739,26.00892798,4,N
-3.919503314,10.0073092,5,N
-1.183226116,33.40814579,6,N
-0.804204274,37.31504958,7,N
-2.441727679,-0.996607039,8,N
-0.343080171,-18.191724,9,N
-3.480800837,-11.8162508,10,N
1.593537899,21.16009846,1,N
0.238776589,37.07229692,2,N
1.197145096,14.25129651,3,N
-2.251417265,8.525710469,4,N
2.463973228,-10.19290487,5,N
3.302084876,37.8894061,6,N
-1.985471481,-21.55570388,7,N
2.715880056,19.70677923,8,N
0.079987751,40.45489142,9,N
-0.755755477,-20.0350492,10,N
0.446314673,-20.55167157,1,N
2.142016751,20.43255371,2,N
4.169988556,5.620495082,3,N
1.288998959,-3.34525325,4,N
-0.442049947,18.6161865,5,N
-0.759127662,3.203674096,6,N
0.425023905,5.53008165,7,N
-1.776899194,21.17450085,8,N
-1.513671251,-0.548645691,9,N
-0.877028883,20.7142377,10,N
2.859509993,-15.92685406,1,N
2.534645055,28.29664394,2,N
-1.567350707,24.10208843,3,N
-0.074872532,-3.663490226,4,N
0.43841477,4.177317035,5,N
0.341112841,12.23212061,6,N
1.172905907,8.496115754,7,N
3.041117493,4.2306909,8,N
1.207693941,-14.13672882,9,N
0.886433509,-1.205392591,10,N
-0.296189073,35.22950346,1,N
0.685341878,-3.351946119,2,N
-1.085863794,12.09834921,3,N
-1.141146926,38.12051793,4,N
-3.802745423,49.53011051,5,N
3.848276221,12.59644503,6,N
1.927716598,-13.62471841,7,N
0.867721943,-21.90788019,8,N
-1.217717353,-3.949912704,9,N
-1.242584663,27.17141321,10,N
0.423662428,33.86084104,1,N
-3.543988905,33.60719011,2,N
-0.606079104,-16.33601932,3,N
2.307579616,11.57471505,4,N
0.035926729,16.88669387,5,N
3.067111805,4.90725227,6,N
-0.055673551,27.87257267,7,N
0.995540497,-5.316565225,8,N
-2.270996504,1.220683396,9,N
2.955618105,21.2651503,10,N
-0.510502189,35.91364166,1,N
4.003479806,25.52303363,2,N
2.105031404,-12.78589353,3,N
-1.063408349,-8.816362195,4,N
2.432568796,4.604679801,5,N
-0.300456801,57.52010728,6,N
-0.026358166,-9.775978637,7,N
0.377074347,-4.718988471,8,N
-1.105596608,15.20724428,9,N
2.807477694,10.16572895,10,N
1.935007741,11.01870538,1,N
1.39756631,-34.49969975,2,N
3.643715896,22.76885026,3,N
-0.681557443,24.50844934,4,N
0.368105257,-2.210788121,5,N
1.096205089,26.78976834,6,N
1.034556192,14.40094694,7,N
0.23141046,19.05380593,8,N
-1.926219617,7.315230198,9,N
-0.949135518,16.61210679,10,N
1.827970054,11.09116737,1,N
1.542240988,-4.329243964,2,N
1.487541483,23.41477095,3,N
3.294504784,22.35835944,4,N
-0.468706158,19.60539978,5,N
-1.3117717,52.96332639,6,N
-0.896402995,-22.53899739,7,N
-4.766570993,7.911035259,8,N
-1.050852029,0.720355905,9,N
-1.999990744,35.38903333,10,N
0.357059137,11.15372216,1,N
2.543346236,25.59903254,2,N
0.310931245,23.65992769,3,N
-2.710553645,16.65713277,4,N
1.344570922,26.31942359,5,N
2.828191243,32.17053329,6,N
0.97743331,0.153963608,7,N
-0.335553074,25.53287536,8,N
-3.248347973,0.347403905,9,N
4.334388348,-9.250506326,10,N
3.452157374,8.678351443,1,N
-0.333799435,20.30421332,2,N
-0.263348002,10.45909575,3,N
2.6667197,-7.07429359,4,N
-1.118727019,-22.85919189,5,N
0.026157986,-12.41878001,6,N
0.164333599,15.4304366,7,N
-1.40860009,-7.974872615,8,N
2.167361356,30.1500395,9,N
-1.001250682,19.31169493,10,N
1.208771971,-5.042809906,1,N
-1.743285045,19.06987978,2,N
0.990924598,33.34362408,3,N
-0.795437229,27.95643685,4,N
-3.905887072,-13.85968255,5,N
-0.748691895,-9.207329392,6,N
1.087556473,24.17261921,7,N
-0.92966726,8.362695125,8,N
1.116076647,1.939106517,9,N
-0.343901862,-0.746318047,10,N
3.447403636,4.313288891,1,N
-0.764476012,23.75084041,2,N
-2.333272572,-16.98258894,3,N
2.388677682,-42.04950312,4,N
-0.174249997,28.84472621,5,N
-1.729920146,59.89890759,6,N
0.658750694,34.69350205,7,N
-0.115321611,-8.210439845,8,N
-1.463970647,-0.166618687,9,N
-0.472648575,19.28606413,10,N
0.848764261,23.06465512,1,N
0.363361189,4.25459885,2,N
-0.290183949,17.48002544,3,N
-0.542299589,27.46084665,4,N
2.372166806,15.34334834,5,N
-0.207840633,-21.30056319,6,N
-1.571263212,-24.23545452,7,N
-2.612366508,40.19052117,8,N
0.389587472,4.633669704,9,N
2.231510896,29.97760838,10,N
-2.879326789,-20.35799964,1,N
0.114229677,13.70232306,2,N
-3.695982441,-0.856565707,3,N
0.622519298,16.57066706,4,N
1.015951498,21.5897364,5,N
0.305747862,19.12372583,6,N
-2.323151616,5.815847332,7,N
-2.975514424,38.43064524,8,N
-0.492775745,19.0693277,9,N
2.306930062,-2.701304697,10,N
2.593824437,-8.316153396,1,N
0.168995194,-10.90271256,2,N
0.493217409,11.96058315,3,N
1.021495507,16.77569278,4,N
3.800591801,2.269269382,5,N
0.968991405,36.34089329,6,N
0.204264272,17.21353517,7,N
0.498038504,30.7886256,8,N
-2.754665204,20.11884444,9,N
-0.97381244,-13.99011487,10,N
1.431950777,19.37663312,1,N
0.146394133,25.95072527,2,N
4.152001414,-0.792728613,3,N
2.124976346,26.07705794,4,N
0.360819794,9.42077692,5,N
-0.499731937,-2.656495985,6,N
3.451607456,0.582410914,7,N
0.507684661,23.38815946,8,N
-0.780396322,12.24873091,9,N
-0.957449081,8.795068146,10,N
0.506235782,11.45603099,1,N
-1.76908117,22.88177205,2,N
2.167214033,33.7151772,3,N
-0.477102003,51.68310006,4,N
3.337971757,-11.86908487,5,N
-0.18952821,19.21949335,6,N
-1.4588616,17.07928855,7,N
-2.267675659,55.10955071,8,N
0.83957683,-16.45687722,9,N
0.713634664,-15.02904304,10,N
0.235531365,25.96790323,1,N
-0.974362184,4.105367298,2,N
1.460218194,32.20169956,3,N
1.16258195,19.64439207,4,N
0.255823465,-13.50884364,5,N
0.407225043,27.41796583,6,N
1.150653165,8.445631381,7,N
-1.450383652,-16.52420278,8,N
1.901778258,-0.461243274,9,N
1.658468575,-7.280738942,10,N
-0.255317186,3.57345062,1,N
-2.403717133,3.232599286,2,N
1.370030089,27.19544149,3,N
1.660782545,53.94845726,4,N
0.00750779,32.02749068,5,N
-3.497157018,40.21284117,6,N
-1.031796048,45.31544644,7,N
-1.155564245,26.26507317,8,N
1.580876431,7.492347741,9,N
-1.080111506,25.05657811,10,N
2.183857601,4.721041006,1,N
-2.819383733,16.75965596,2,N
0.350598713,14.89882011,3,N
-0.183021993,-1.934389114,4,N
0.938083209,29.87040193,5,N
-2.155481768,34.53757277,6,N
-0.236820663,-6.037574482,7,N
0.773022315,-4.080059882,8,N
1.582457474,-14.96563119,9,N
-2.08776412,-7.872110223,10,N
-1.564678403,38.41684157,1,N
0.346504973,29.21728252,2,N
0.784060709,41.36060756,3,N
2.026021217,1.320641528,4,N
0.582781608,30.16094227,5,N
-1.178450552,21.40485511,6,N
1.759245117,15.9231778,7,N
-1.449139634,3.869002689,8,N
-1.509516345,10.15689058,9,N
0.001944158,26.71602461,10,N
0.69330133,2.783207157,1,N
0.769989036,21.87784498,2,N
-1.583575778,6.252157241,3,N
0.046284455,-5.952406649,4,N
0.318634526,-14.22454071,5,N
-1.045478281,-16.62959214,6,N
-0.062581813,50.94803928,7,N
2.010630065,-4.303884102,8,N
1.161069929,-12.30388773,9,N
-1.381131203,7.881014404,10,N
1.780966314,-4.388434001,1,N
-0.704019969,15.29409937,2,N
0.268594557,11.47221589,3,N
-0.699782075,20.30834762,4,N
2.260717465,12.03293438,5,N
1.387522819,8.982309448,6,N
2.912125391,34.78401837,7,N
1.287982266,10.43987405,8,N
-2.271778322,-16.41851506,9,N
0.310320453,27.5966567,10,N
1.329599977,27.60648854,1,N
0.979756617,20.12347364,2,N
-1.738045325,4.844194756,3,N
-0.920884283,11.55061387,4,N
3.752002691,2.915707576,5,N
-1.658623334,33.40429898,6,N
2.619453595,-1.305775044,7,N
-1.967108219,-3.176461063,8,N
1.395410353,5.692323849,9,N
-1.024456672,-12.3427835,10,N
-0.274213881,3.19154769,1,N
-1.257561475,-15.29583848,2,N
0.129984963,-8.146371268,3,N
0.102832536,4.894951695,4,N
-0.739922992,1.337271704,5,N
0.277591867,-14.21110581,6,N
-2.47602731,30.94273532,7,N
3.149814038,-11.49226624,8,N
-4.041433657,41.27927029,9,N
0.018694743,7.652279657,10,N
4.522036485,1.128095159,1,N
0.85816721,17.91567348,2,N
3.448711326,16.40204026,3,N
0.948091906,-4.589591883,4,N
1.564961454,35.03230897,5,N
-5.590526839,-9.415332633,6,N
-0.620373727,1.450890084,7,N
-3.396605787,-2.172594011,8,N
-1.85052099,19.58866432,9,N
-3.945185092,11.9268632,10,N
-1.156573551,23.4895369,1,N
-1.939547648,58.8912136,2,N
2.735987685,10.08617911,3,N
1.338137607,3.200818594,4,N
1.015915741,0.31149763,5,N
4.702871508,25.41106265,6,N
1.902159239,14.01205706,7,N
0.53157954,-17.76451869,8,N
-2.520194289,17.08561135,9,N
0.350902975,50.49937656,10,N
-4.948597383,10.00383745,1,N
2.658652258,-0.953398214,2,N
-1.890363879,20.27062671,3,N
0.161422871,10.71713061,4,N
1.119780749,20.66247344,5,N
-3.004429128,48.593015,6,N
-1.311947636,-1.371590798,7,N
0.839074624,15.53304449,8,N
3.394875156,2.925166403,9,N
-0.494613838,-5.585163174,10,N
0.132909903,6.297016774,1,N
-1.277169935,-11.41856886,2,N
2.094630624,4.145441737,3,N
-0.202503651,35.79662529,4,N
-0.357716675,12.49047598,5,N
1.174046332,27.32669169,6,N
-0.679066489,-19.82168847,7,N
0.231806525,13.04852715,8,N
-3.563781373,-6.540798364,9,N
-0.105466722,32.75967232,10,N
1.840756033,6.104306467,1,N
-0.072888841,6.241983409,2,N
-2.20182688,-26.05043628,3,N
3.874098937,26.44192557,4,N
-0.162568472,25.94836213,5,N
-0.0485813,2.268508166,6,N
-4.033554671,10.29164959,7,N
0.160617547,28.53191563,8,N
0.417079125,-5.90892806,9,N
1.463783356,-4.132109683,10,N
0.180501059,-2.8964492,1,N
-0.339461581,-8.515239178,2,N
1.08428986,-26.62260821,3,N
2.555629502,5.191145907,4,N
-0.621010117,-8.298071296,5,N
1.280610797,16.80135017,6,N
-3.807119582,15.47315436,7,N
0.839581218,37.87814209,8,N
-0.949700606,5.699607955,9,N
2.284254662,17.40193457,10,N
2.296818751,13.90682357,1,N
-1.074691695,17.22302772,2,N
-1.862758822,31.08344272,3,N
2.463267759,28.90492708,4,N
-1.357961637,30.13210077,5,N
0.138001047,18.19281151,6,N
0.322844295,1.097152376,7,N
0.166565229,13.08027138,8,N
-0.927997683,11.87016524,9,N
0.498065136,-3.742145252,10,N
0.679567313,-11.98206097,1,N
0.864459639,-20.0906521,2,N
0.270784396,40.64514623,3,N
2.574247426,1.466513437,4,N
2.168892755,-4.226833076,5,N
-0.253900269,20.98060789,6,N
-1.409043578,23.64917904,7,N
0.024656462,12.6745732,8,N
-1.567498691,8.741471244,9,N
0.383524576,5.3218817,10,N
-0.189271159,39.03548835,1,N
-3.124686539,28.91812209,2,N
3.25358219,58.51398238,3,N
-1.416941572,-0.457633503,4,N
0.076249401,33.61714208,5,N
-1.520491763,8.586569136,6,N
2.418935904,43.5678682,7,N
2.866708752,-12.39699782,8,N
3.186926942,20.22879991,9,N
-0.831201329,38.82945873,10,N
-1.241347893,-27.67834941,1,N
-1.242091165,36.99855819,2,N
-1.661976585,-5.480543199,3,N
-1.713202225,32.63291875,4,N
2.383660465,25.85045658,5,N
0.028811164,15.39781107,6,N
-5.503751788,-6.186331455,7,N
-0.778636925,22.92698875,8,N
1.772197193,36.62475766,9,N
-2.339421879,14.61960413,10,N
-1.389799668,-5.732440545,1,N
0.713064952,41.27273604,2,N
2.864661635,5.731547533,3,N
-0.81913969,-23.77430795,4,N
-1.755153941,36.73804831,5,N
-1.521282819,31.52634746,6,N
-1.833151269,22.06348706,7,N
-3.143359766,16.3836564,8,N
0.158588194,-8.38207959,9,N
-3.831502855,1.674633445,10,N
1.132902018,42.85001634,1,N
-2.067021442,22.25427934,2,N
-0.73067653,10.42890427,3,N
1.226201751,28.70287785,4,N
2.139105251,3.781945585,5,N
0.750778924,2.718529371,6,N
-1.466137317,17.66034792,7,N
0.563144779,17.75791742,8,N
1.708362946,8.473613819,9,N
-0.544018724,11.41857747,10,N
0.803626017,19.36769714,1,N
-1.366214064,17.24057904,2,N
2.591952638,17.15524345,3,N
0.746395833,-19.76150472,4,N
-0.171965209,22.68174106,5,N
-0.852631002,7.591389411,6,N
-3.773735288,-0.506991768,7,N
-1.581732019,-0.231462644,8,N
-2.259634049,11.69320723,9,N
-3.76756537,25.19967041,10,N
0.322438041,-2.901193138,1,N
0.030337638,27.9453633,2,N
-1.175891056,-13.24324531,3,N
-1.521827993,12.81529441,4,N
-2.067776741,32.80966807,5,N
0.208417047,6.328433102,6,N
1.881463783,-3.855651284,7,N
-0.670612619,-1.841728461,8,N
-0.840966894,4.428108564,9,N
0.1143941,33.50311951,10,N
-0.413553236,18.54775982,1,N
-1.662260033,2.887144645,2,N
-2.490240196,-17.97279581,3,N
-1.542543492,-10.62322129,4,N
-2.6642975,-6.938376723,5,N
-1.842010605,-2.701014308,6,N
2.535125543,-4.305819358,7,N
1.230605342,1.058108715,8,N
-0.56332947,-0.273626424,9,N
-2.29404665,13.63794582,10,N
2.445762617,18.85182695,1,N
2.098381467,15.11877231,2,N
4.596341174,-22.73437764,3,N
-1.350225324,51.88739544,4,N
-1.340978357,-24.04829084,5,N
-1.745150045,19.57430736,6,N
0.616861624,22.28211785,7,N
0.050685604,-18.09633763,8,N
1.211416083,29.75809572,9,N
0.699790267,18.97858824,10,N
-4.62891756,22.90926413,1,N
3.663370941,1.102096848,2,N
-3.977711969,5.044418249,3,N
0.005257017,7.84925457,4,N
-1.120752867,19.63048633,5,N
1.534913862,25.90539662,6,N
-0.632470747,7.263125804,7,N
0.930210828,39.01256274,8,N
-0.116389046,17.2244747,9,N
2.73020817,17.75740155,10,N
0.081405791,-4.326386003,1,N
1.286088613,-2.261337352,2,N
1.081751253,-5.537764303,3,N
3.20909074,30.19364777,4,N
-0.806850813,14.83774297,5,N
1.475302139,30.39625253,6,N
-0.329389788,-10.07418593,7,N
0.967461445,4.873799179,8,N
2.926249476,-3.293356762,9,N
1.610512964,-7.538279871,10,N
-1.235931956,-9.634676855,1,N
1.130016614,20.83332564,2,N
-3.807128379,12.59443654,3,N
-0.907312336,22.96760876,4,N
2.290700401,4.664906198,5,N
0.674946925,11.83876236,6,N
-2.662101438,27.46223434,7,N
-3.454732027,-5.000808194,8,N
1.160444175,-1.937796925,9,N
1.537318758,-15.6505058,10,N
1.867946594,-24.00798408,1,N
2.794099515,19.41314073,2,N
1.966577046,0.60196512,3,N
-1.720770285,21.78216083,4,N
3.479949359,-10.22636779,5,N
4.667429284,32.09134531,6,N
1.799154026,1.085188372,7,N
5.189445174,-3.273218579,8,N
1.242569851,11.84962327,9,N
-0.485220444,4.188692838,10,N
-0.236461633,12.11558263,1,N
0.546300921,2.605948936,2,N
-2.045260407,-14.8790327,3,N
-1.141019692,19.98467074,4,N
1.753684553,-4.687494327,5,N
2.778199647,12.25382163,6,N
0.888038352,7.193022462,7,N
-0.290847136,16.94442722,8,N
-0.337405384,15.72586006,9,N
0.270273544,36.75524177,10,N
-1.51153145,2.79556715,1,N
0.155371999,-5.897318022,2,N
1.035214894,-0.788577829,3,N
-4.596910854,-2.423220959,4,N
0.026575671,15.04950266,5,N
-0.459262799,-24.59543476,6,N
1.155108542,16.47993638,7,N
2.435968181,-12.26068341,8,N
-1.917738836,25.47113321,9,N
-1.476843417,15.13042532,10,N
0.824853174,0.752528116,1,N
-2.598460526,-13.6976267,2,N
-1.102261086,13.79678064,3,N
-0.987988003,20.57762523,4,N
-0.046538443,41.24808811,5,N
1.126426452,17.41103621,6,N
-3.455762767,9.690859843,7,N
-1.848590276,6.16146597,8,N
0.814629584,-17.67469381,9,N
-0.951425299,-10.95137422,10,N
1.051038841,2.172063306,1,N
2.35582263,-3.720246232,2,N
-1.713903911,4.614451488,3,N
2.542148582,-2.387703893,4,N
0.345421964,-12.09574534,5,N
-2.304617652,-6.841295039,6,N
-0.629229971,25.2117112,7,N
5.874470774,-1.038252448,8,N
-2.926390544,-15.11365192,9,N
-1.040045614,-4.025967971,10,N
-0.861414223,32.8166186,1,N
-1.733010296,15.12714084,2,N
0.050343653,9.332770922,3,N
3.548514631,-6.10040133,4,N
-1.773582901,-18.42395648,5,N
-0.90313793,17.55440657,6,N
-0.180836271,6.440741322,7,N
1.922822888,17.70867558,8,N
0.184048373,-9.772143743,9,N
0.076986908,2.225496207,10,N
-1.109330471,1.433869394,1,N
1.892075505,9.69259383,2,N
0.380248056,26.53438825,3,N
-0.084718023,13.16973779,4,N
0.358465492,2.208281329,5,N
1.455089692,6.510166358,6,N
-0.994834809,-5.054291392,7,N
-1.632353663,-20.39547643,8,N
1.349682058,0.120948252,9,N
-1.94890144,-43.62044778,10,N
2.830386219,24.0835877,1,N
-0.007462785,37.4307016,2,N
2.36322403,-19.46859744,3,N
1.04350209,15.08855399,4,N
-1.17865401,26.19622585,5,N
0.809980638,19.05192863,6,N
0.881688489,46.79593399,7,N
-0.355572976,20.17058311,8,N
-0.815621464,45.90924092,9,N
0.37164251,1.940009056,10,N
0.167417567,10.855972,1,N
-1.100844725,6.959398987,2,N
-0.271216409,9.351408747,3,N
-1.154480804,1.839955088,4,N
-2.388416103,20.79163476,5,N
-1.347301623,19.82356033,6,N
0.518101285,25.96924651,7,N
-0.928922109,-14.86991785,8,N
-0.195508162,1.527544884,9,N
-1.77233818,-33.51122883,10,N
-1.781556262,9.362474707,1,N
3.620665564,17.78776289,2,N
4.436843971,-8.231788297,3,N
3.118448149,-9.705814147,4,N
-0.564693349,-9.062112407,5,N
0.157393541,34.4533377,6,N
-1.52105203,36.23573091,7,N
-0.630627571,30.18186991,8,N
-1.111710632,-7.267811013,9,N
-1.593909381,23.85694403,10,N
1.888767507,-15.16014177,1,N
0.243129062,25.53481985,2,N
-1.394881592,47.98863821,3,N
1.449930362,8.799578947,4,N
2.513161145,25.49314774,5,N
3.041278233,-3.85320077,6,N
0.136507976,18.43552497,7,N
-1.369472687,10.71959605,8,N
-1.253702321,13.71892984,9,N
0.666238728,44.38037212,10,N
-5.274425826,-6.560993554,1,N
6.083688767,41.92450619,2,N
-0.568794672,-4.740211364,3,N
3.302857054,54.737461,4,N
-1.412753183,65.33242628,5,N
2.796313065,32.54874944,6,N
0.931572159,36.41341115,7,N
2.260618349,23.89331559,8,N
2.402688007,46.81625853,9,N
-1.485157869,6.690797817,10,N
-2.585857418,31.70795633,1,N
0.994748658,6.459274309,2,N
-6.593027921,19.13721357,3,N
0.591061488,-20.21686638,4,N
1.813529682,20.03967689,5,N
-5.232294368,7.139543146,6,N
-0.463668765,4.799536097,7,N
-2.149559814,0.809916047,8,N
-0.725311555,-5.360510433,9,N
-0.079834723,-12.46423375,10,N
-0.501304081,22.32292744,1,N
2.445047876,22.84976679,2,N
0.373977547,32.77081835,3,N
0.201869764,-0.153286203,4,N
-2.509332624,36.98200615,5,N
-0.024285776,-21.68197205,6,N
1.147827616,-15.18731206,7,N
-4.838155403,25.19714173,8,N
1.695900357,17.25199249,9,N
2.789941105,-22.89197097,10,N
3.5517307,16.65672446,1,N
0.393974631,21.72120424,2,N
0.611930819,13.72111981,3,N
0.512707738,-11.90624443,4,N
2.22087769,35.97184116,5,N
-5.942840683,44.76485144,6,N
-1.664318189,17.28799867,7,N
0.704613433,-12.71193224,8,N
0.780081969,2.082890429,9,N
1.459875461,16.4086644,10,N
2.097660092,16.82121386,1,N
3.752205218,28.96310992,2,N
1.503061093,25.4080914,3,N
0.6553842,6.7634412,4,N
-1.35034304,-8.037726295,5,N
0.817918023,-17.55052029,6,N
-3.604470772,24.32944497,7,N
1.659226006,-8.141657255,8,N
2.164826103,23.37888933,9,N
-0.474629484,32.24214207,10,N
1.992689858,-4.555599702,1,N
-0.706717451,15.39041102,2,N
-0.553790403,-15.60269934,3,N
-3.434291368,-20.87584948,4,N
3.405488673,-5.818078694,5,N
5.320317627,26.71878126,6,N
-0.13631118,38.90763169,7,N
-1.904408671,-8.403282897,8,N
-1.45816449,-13.04857726,9,N
3.84447249,20.84210693,10,N
3.386657387,-13.72740755,1,N
3.711679124,-6.056273045,2,N
-1.836302819,11.15406997,3,N
-5.981566727,19.18568519,4,N
2.248853856,28.71015926,5,N
-1.234182143,41.38198097,6,N
-1.762543495,-5.347953138,7,N
0.836669519,1.462950249,8,N
-4.643646385,-3.308482333,9,N
-1.399170301,3.574257953,10,N
4.692058433,29.5319382,1,N
-0.367474237,-10.40509991,2,N
1.705158695,8.183607725,3,N
4.513986088,13.5921825,4,N
3.533368809,-16.57536319,5,N
-1.070044959,18.57291425,6,N
1.082223208,11.35445773,7,N
-3.54569841,14.42278183,8,N
-1.853370044,7.899743051,9,N
0.156003431,-6.340170999,10,N
-3.055720929,34.24235833,1,N
1.96476631,-6.465252697,2,N
2.445617046,-21.85122134,3,N
-1.495237432,37.3532541,4,N
0.040473433,-1.928260959,5,N
1.239512919,12.38755628,6,N
2.970168554,-16.83259624,7,N
-0.454046367,9.166783637,8,N
3.319964325,12.5585757,9,N
-1.027016482,43.17117618,10,N
4.175545574,24.79553226,1,N
-0.308197979,22.38560463,2,N
-1.434321662,23.12293121,3,N
-1.756937392,-46.63994809,4,N
-2.228608896,6.889620712,5,N
-0.342910597,4.632760615,6,N
2.173652709,7.948301769,7,N
1.494140963,-10.02630235,8,N
-1.360241431,22.10289713,9,N
-1.607039167,-10.98930518,10,N
-1.239638321,8.516606346,1,N
0.168236028,17.79370172,2,N
-3.876511771,-18.83971441,3,N
1.075649263,24.75538613,4,N
-4.019715198,16.42464176,5,N
1.84301281,-1.303209275,6,N
0.385960638,16.0906586,7,N
-1.292391447,36.26350379,8,N
1.102476316,13.15351926,9,N
-1.562938585,-23.59903842,10,N
-4.230557039,8.072100326,1,N
0.660581802,48.93025766,2,N
-1.127763608,14.63844077,3,N
0.421149924,24.18852179,4,N
-2.169372315,34.48313855,5,N
-0.288499966,-19.78746885,6,N
1.824318958,6.730886407,7,N
0.247825506,-13.10588454,8,N
1.195591427,23.08755232,9,N
-0.419235179,-13.04021566,10,N
1.870842778,13.44828976,1,N
1.092728278,-12.70777874,2,N
-3.369635647,-12.07780959,3,N
0.145224072,11.26591369,4,N
1.359251756,-7.557102124,5,N
-0.488520607,-6.902406894,6,N
2.976855755,23.24015343,7,N
2.180326545,8.937289016,8,N
1.676281045,-18.91474202,9,N
-1.093188295,29.9812326,10,N
2.279824313,14.40176863,1,N
1.343133367,-14.51263383,2,N
-1.99681217,12.67451438,3,N
1.578341065,-12.17924786,4,N
-1.072634596,0.240495638,5,N
-2.347782702,33.02559018,6,N
-0.365517928,25.02402604,7,N
1.159910705,28.01359915,8,N
1.618271409,0.673357824,9,N
-0.856041689,-13.05076874,10,N
1.235648795,-19.46863217,1,N
-2.297453133,10.96037353,2,N
0.300432329,19.50499657,3,N
2.856203844,49.31627728,4,N
-2.142132492,-8.902996508,5,N
-1.432113875,20.43576277,6,N
-1.265632576,9.16345186,7,N
1.14592655,19.80820082,8,N
0.486002835,5.119620673,9,N
0.992384921,44.66493324,10,N
0.703053469,-7.35348055,1,N
0.15499855,-2.15546322,2,N
0.598967641,-14.14228527,3,N
2.67100288,-18.8796412,4,N
-1.670475448,54.40505571,5,N
3.384560263,10.33791276,6,N
-1.831123394,41.53806099,7,N
0.371831674,17.47970405,8,N
-2.440942057,-38.49464689,9,N
-3.305733257,-10.09512524,10,N
-0.980213232,7.639697707,1,N
1.019780235,-23.45593525,2,N
0.972429957,10.46111962,3,N
1.370653976,-15.56689414,4,N
0.176099826,-16.02822763,5,N
5.005440281,-23.49690292,6,N
-0.839710589,-23.00582494,7,N
-0.216532511,12.81482175,8,N
-2.963742031,30.76595796,9,N
3.280968574,18.70512213,10,N
-2.302792578,-6.09621779,1,N
3.458170645,47.5894374,2,N
1.244996754,-0.247140199,3,N
-2.918378758,5.783272403,4,N
4.051547533,10.13737522,5,N
-0.099898575,28.4788087,6,N
-0.277647179,-13.88810574,7,N
-1.645131516,-2.290064848,8,N
-2.042988795,12.83999282,9,N
-2.310390832,-21.27885054,10,N
-3.955366888,25.87288012,1,N
4.549629855,8.681180317,2,N
-2.869893921,16.73530014,3,N
-1.157194732,18.35420344,4,N
1.575473053,-8.488248767,5,N
-5.181959895,8.494881792,6,N
1.029838435,42.03900475,7,N
4.558557574,-14.6522328,8,N
-5.455825461,22.53648719,9,N
0.740189786,24.75823461,10,N
0.739874966,13.68451187,1,N
-0.548960549,33.80240245,2,N
0.334485437,16.44965136,3,N
-0.126820529,3.35637233,4,N
0.481380128,-9.78655392,5,N
0.165961816,2.851472285,6,N
0.761306289,36.47764042,7,N
1.583288949,17.69267899,8,N
-0.331871256,8.368031145,9,N
2.789140253,17.86433825,10,N
1.941691332,-2.078157554,1,N
0.443222202,19.59603086,2,N
-3.278448798,27.70511544,3,N
-2.708743302,1.507953975,4,N
1.254936255,14.69450181,5,N
3.682928141,12.15876994,6,N
0.916773482,17.34212183,7,N
-2.098763246,-6.452851276,8,N
0.904905883,3.699530056,9,N
-1.681609591,17.60262326,10,N
3.721944811,17.03396381,1,N
2.392351186,68.25480016,2,N
-1.644275469,8.148691384,3,N
-2.070131092,11.73082959,4,N
0.221837979,30.88589453,5,N
0.01653427,16.79211244,6,N
-4.31854179,-2.749541681,7,N
-0.507271781,20.61873247,8,N
-0.963552727,8.725156389,9,N
-2.811438678,-17.7122227,10,N
-0.714740981,-14.6946213,1,N
5.704953773,-9.144772485,2,N
-3.941593334,19.65681613,3,N
-1.727586334,32.4405463,4,N
0.850678484,41.43672186,5,N
-4.148972564,-10.4190766,6,N
1.946318935,9.874713599,7,N
-5.830881247,0.561231915,8,N
-0.713715076,6.353910867,9,N
3.788318453,7.710510748,10,N
-2.14696065,15.15355096,1,N
-1.163851182,10.11769943,2,N
-2.997983139,28.29584724,3,N
0.227571975,16.1566583,4,N
1.719093638,11.38505173,5,N
2.033361847,1.799226602,6,N
2.193817393,14.24815556,7,N
-0.432230415,24.94596944,8,N
-4.488825658,-2.458303149,9,N
2.550524289,-21.65433962,10,N
-1.132922753,-3.809828369,1,N
-1.150248093,47.830039,2,N
1.831159657,12.20410727,3,N
4.024800724,41.16158565,4,N
0.815774636,13.93915731,5,N
-2.687980652,36.60453877,6,N
-2.81444537,-3.406021046,7,N
-0.32284239,27.58985671,8,N
0.771518002,-10.27150466,9,N
-0.02200265,-16.04508505,10,N
-3.831178058,-26.64925862,1,N
-2.324932843,28.88997451,2,N
1.738232441,2.876781818,3,N
0.708308836,5.951708762,4,N
1.205053595,25.72427184,5,N
1.524267961,-24.21049132,6,N
-1.04052919,13.00979088,7,N
-0.797789072,13.02530517,8,N
2.006960468,-27.24554092,9,N
-2.005919701,-24.87202023,10,N
1.031686638,18.19281117,1,N
-1.774144893,-19.43322225,2,N
-1.372857981,11.65008617,3,N
3.088511612,39.5136618,4,N
-1.075222292,-11.69115142,5,N
1.169755327,-19.24378339,6,N
-0.423995214,26.97984649,7,N
-0.874959981,25.24866267,8,N
-1.512616845,-1.366456573,9,N
1.240874249,7.957184534,10,N
1.439132642,1.440664434,1,N
-1.708376688,-29.62128541,2,N
-0.601220262,15.51934759,3,N
0.857170518,9.073938552,4,N
-1.819260422,18.68604587,5,N
-2.659171294,-31.72067739,6,N
-0.975077093,35.07642379,7,N
-3.093941219,24.73794783,8,N
-1.195966523,35.17148212,9,N
-0.737813576,28.11692752,10,N
-1.33754113,20.45844779,1,N
3.065504804,-9.318459093,2,N
1.848134721,33.05347551,3,N
-2.692947482,-25.47878902,4,N
-0.147279422,-2.114572742,5,N
4.600240058,-28.46722377,6,N
-0.314766982,-5.135910425,7,N
2.417450718,32.19824453,8,N
1.291755893,26.16898421,9,N
0.455335322,1.091193137,10,N
0.967125431,35.67208105,1,N
-1.795362501,1.426834629,2,N
-0.555262768,11.67955864,3,N
1.490099284,-5.399040342,4,N
0.782443559,24.11922947,5,N
-0.049845648,28.82036195,6,N
-0.619477627,24.74044515,7,N
-3.638857611,3.232224773,8,N
-4.342376027,34.74177243,9,N
2.269605151,24.17542851,10,N
-1.815235273,43.53589006,1,N
-0.867924416,-10.18115461,2,N
-1.405530662,16.40923938,3,N
0.657391029,-5.632864003,4,N
-2.920880427,43.88618951,5,N
-1.797179485,27.98377687,6,N
2.4384152,-39.75110938,7,N
0.262187772,9.491466158,8,N
-1.209144711,10.80830891,9,N
-0.184499575,10.37432683,10,N
0.697699129,17.85250111,1,N
-0.623543881,9.991884727,2,N
-4.074218049,-13.14230821,3,N
2.502025124,-20.99166872,4,N
-2.442658961,8.131255659,5,N
-1.717774678,-7.831330979,6,N
1.835011308,-1.644322496,7,N
-1.680258059,8.190308809,8,N
0.510083822,29.09435478,9,N
-0.580444738,8.718149287,10,N
1.400692453,32.3029818,1,N
-6.47374473,9.764256576,2,N
3.343791373,24.11480397,3,N
-0.982709097,-15.14909962,4,N
2.734910636,-24.82467161,5,N
-3.289875994,17.68026067,6,N
-0.141029374,-11.08527051,7,N
1.168264183,-28.53604783,8,N
2.332920556,11.37741831,9,N
4.066232705,-9.148514969,10,N
-1.401956566,20.73910961,1,N
1.252912777,2.143761786,2,N
-0.858266415,-17.56217522,3,N
-0.147818625,21.85987529,4,N
-2.139438147,14.95128577,5,N
1.982255659,13.95957146,6,N
-1.052738317,-10.56795113,7,N
-4.077507723,-1.134652569,8,N
5.346006077,20.86662153,9,N
-1.259837368,3.558249032,10,N
2.259142858,-7.27423407,1,N
-1.326617,33.36809201,2,N
-2.07907883,3.175963214,3,N
1.486549729,8.426945297,4,N
-0.502296378,-11.79019541,5,N
1.182106182,3.288151851,6,N
-0.249389835,6.038014725,7,N
5.617443785,-0.692636599,8,N
-1.418889623,8.054198277,9,N
2.13415499,29.8178952,10,N
2.281140761,36.55745418,1,N
0.863188425,9.762695855,2,N
0.321355463,-4.571491542,3,N
0.773314678,2.840209498,4,N
1.743293354,27.73652637,5,N
2.480602987,7.961832362,6,N
1.922637622,-5.323265941,7,N
0.844664037,0.976364447,8,N
-2.2915033,-8.190597823,9,N
0.985793447,-3.714424679,10,N
-1.546020821,-4.111926307,1,N
2.377641497,10.49185411,2,N
-0.079055163,-1.913348854,3,N
-1.197561425,-1.034078125,4,N
0.471376598,33.31569226,5,N
1.844719931,-3.512814615,6,N
-0.638746097,17.50611432,7,N
-1.389335313,-0.451382015,8,N
0.037650991,10.54549791,9,N
2.865632335,-17.69078441,10,N
1.137811189,-5.342972322,1,N
-1.425790621,-7.870200624,2,N
-0.022464691,31.82011024,3,N
7.10678061,-4.208224184,4,N
2.406587777,28.21495524,5,N
-0.069540784,-2.260005118,6,N
-0.044923185,40.0332312,7,N
1.451621208,-5.930583396,8,N
0.321035591,28.17181459,9,N
2.805669497,33.92976288,10,N
0.884834351,4.279539917,1,N
1.442376657,2.779470183,2,N
-1.902885976,-6.069064296,3,N
-0.063698138,5.410302776,4,N
0.555841753,4.442237732,5,N
4.286257451,28.49493267,6,N
-0.350901064,-12.8828988,7,N
1.010232167,20.21287711,8,N
4.72164116,-1.043256334,9,N
0.433758762,14.6004881,10,N
-0.411565768,12.84972882,1,N
-2.229248059,-2.321204664,2,N
2.99156279,-12.2436588,3,N
3.267794594,19.85167733,4,N
-2.870219627,4.010727477,5,N
0.280382581,-4.943135669,6,N
0.917249718,15.56322907,7,N
-0.879850137,-2.230040478,8,N
1.045759325,2.556338865,9,N
1.949577268,28.83985326,10,N
-1.319976036,5.732609964,1,N
-1.766217106,14.03062371,2,N
-0.400885651,18.34463798,3,N
-3.825213336,22.63660811,4,N
-1.309237343,14.69412877,5,N
-3.840444198,17.22988199,6,N
2.148868756,21.65713532,7,N
0.758304618,-13.63320041,8,N
4.072570093,-20.18590307,9,N
-0.796893408,-5.02845532,10,N
0.966467695,-14.4304437,1,N
1.034283516,1.46020432,2,N
0.84756211,15.02505963,3,N
-1.216504712,22.45088299,4,N
2.162419819,1.404842309,5,N
-2.971922697,2.655960521,6,N
0.274198706,13.69138669,7,N
-0.919269195,-17.15259555,8,N
0.612330571,-5.200185653,9,N
-0.13754589,2.553459238,10,N
-0.641740838,-11.56309637,1,N
-1.224422111,24.3946044,2,N
1.705705963,4.903077278,3,N
-1.811645002,4.133952476,4,N
-1.476137597,-0.742467591,5,N
0.992530724,13.70917712,6,N
-1.666500904,24.64848925,7,N
1.492480688,6.597679518,8,N
2.851710991,8.915447155,9,N
-0.365276598,19.81772378,10,N
0.275897352,11.78115468,1,N
0.453720227,-45.70565644,2,N
-2.919854384,-15.78195446,3,N
1.110745703,-8.12636029,4,N
-0.38381176,10.57271548,5,N
-2.523756091,21.26876016,6,N
-4.208042896,5.696745288,7,N
0.308735355,25.3304851,8,N
-0.25665724,30.92752125,9,N
2.204781748,-7.745675906,10,N
1.690535439,-20.53642092,1,N
1.221292441,6.812937115,2,N
-0.522470521,4.048027759,3,N
-0.198267268,9.7622487,4,N
-1.521808407,-2.894749131,5,N
0.476616839,12.6099456,6,N
2.004153601,8.12289825,7,N
2.108077403,17.33310213,8,N
-0.409893516,9.643828603,9,N
-0.449226126,18.06973733,10,N
-0.383633264,0.44590054,1,N
0.018232189,-8.638753961,2,N
-0.83119502,21.81201262,3,N
-0.762390911,-7.462062917,4,N
-0.200985376,40.09694354,5,N
0.514664539,-21.91471106,6,N
-0.090904783,6.887488241,7,N
-2.633256802,41.48336147,8,N
-1.982503162,13.65617778,9,N
-1.965345534,-7.55592751,10,N
-0.796693281,7.65917925,1,N
-2.856401994,40.21108489,2,N
-0.927518683,13.4348348,3,N
-4.166195487,18.60171039,4,N
-0.977434218,-19.71154776,5,N
1.699566553,-11.12082662,6,N
0.950227506,19.59458562,7,N
2.282142832,12.80517093,8,N
1.405021937,9.064713776,9,N
-3.015855969,-8.730148013,10,N
-1.589260604,1.455239291,1,N
-0.85409311,6.287954192,2,N
1.874093915,8.98345019,3,N
1.636585635,-17.8153248,4,N
4.045144159,-12.07023595,5,N
-0.743061164,18.46994974,6,N
1.11630861,14.34189212,7,N
3.10971026,15.50322889,8,N
2.894785451,27.41872114,9,N
3.87297458,13.94760648,10,N
0.173329348,19.42444395,1,N
-0.441150073,-8.805085911,2,N
-1.400369506,5.798158732,3,N
0.170302864,52.32908196,4,N
1.362234526,23.74701875,5,N
1.232549591,-2.551108297,6,N
-1.398892092,35.05481522,7,N
1.854608007,-11.62926541,8,N
0.81917733,10.27001489,9,N
0.532418524,-21.16958392,10,N
-2.804334142,32.31112313,1,N
1.784614654,7.374204395,2,N
-0.684202422,-9.829993542,3,N
-2.180917291,18.44695604,4,N
1.567954438,10.98583444,5,N
2.63048065,-17.9279702,6,N
-2.120516668,23.82404787,7,N
-0.732089685,-14.45322724,8,N
-0.952581048,-22.12355083,9,N
1.86388426,-19.68658009,10,N
0.509110259,14.50054682,1,N
-0.816703527,-11.49400805,2,N
-2.721660656,10.28678952,3,N
2.901712353,-2.008832254,4,N
1.891841866,27.30712252,5,N
-0.45290724,24.19102162,6,N
1.301457005,7.074655293,7,N
2.92873604,-9.974630301,8,N
6.903801639,28.39821971,9,N
-2.528171317,43.97883311,10,N
-0.047428809,-5.016111164,1,N
-3.193289734,-48.39838176,2,N
-0.606421937,38.29244794,3,N
2.441867717,38.31536942,4,N
1.031897663,-7.066295319,5,N
0.18371483,19.29723566,6,N
-1.438392903,37.92831625,7,N
-0.066677462,20.20836253,8,N
-1.463859379,0.840351277,9,N
-1.561156608,-3.287371731,10,N
2.098095887,30.08517194,1,N
-0.259381876,13.17796197,2,N
-0.985384385,-3.370634888,3,N
0.38894658,0.575117892,4,N
-0.29241237,9.994383077,5,N
3.136999845,6.686953411,6,N
-3.076458936,3.193234642,7,N
-2.776146956,2.189727384,8,N
-2.598089671,10.1133914,9,N
2.981521919,-2.628685477,10,N
1.991354525,7.17544477,1,N
-0.685033839,24.26628826,2,N
-2.712669206,16.56896746,3,N
4.936659173,13.38661318,4,N
1.021233783,26.09362228,5,N
1.166281191,47.18984474,6,N
-2.253141936,1.849630189,7,N
1.819588193,27.50135538,8,N
0.572310698,20.03533029,9,N
0.520502087,34.97043279,10,N
2.434354273,24.9623756,1,N
-2.224522161,11.32432572,2,N
-0.401709532,22.58684967,3,N
1.255598758,26.72346329,4,N
2.202309577,10.01839032,5,N
0.400000409,2.998468044,6,N
-1.805521315,16.67194147,7,N
-0.123307377,-4.235488199,8,N
-0.600739221,10.90322211,9,N
-0.092777833,-19.34735446,10,N
1.506437572,18.64982664,1,N
3.036482166,-29.78176203,2,N
-0.252285642,-9.78858289,3,N
-2.576341958,-1.327935707,4,N
2.922555933,16.73587401,5,N
-3.592120199,43.15119877,6,N
1.130675608,7.189999174,7,N
-1.241311484,-2.725111771,8,N
2.390186231,17.5269382,9,N
1.89365752,8.231348134,10,N
2.561810433,41.99973674,1,N
-2.651648178,-19.8296775,2,N
1.519934547,9.669120746,3,N
-0.146575289,6.10170297,4,N
1.459915587,8.94653544,5,N
1.904886424,-2.304891441,6,N
-1.522614326,2.5362154,7,N
2.620898101,1.798680312,8,N
-4.332479902,30.27084531,9,N
0.378560485,33.32695787,10,N
-1.191510272,23.51187879,1,N
0.110405498,-17.46137959,2,N
1.209763393,-7.581496506,3,N
2.905930403,42.50952562,4,N
0.757874594,13.92778417,5,N
3.825857408,-0.212486653,6,N
-0.298961414,15.03628826,7,N
-3.381161013,13.4607089,8,N
-3.533918425,16.27427561,9,N
5.371493442,41.54626022,10,N
0.266616928,33.31101988,1,N
-1.906422876,-6.505307134,2,N
-1.03631322,1.490884436,3,N
-1.340856321,25.80869685,4,N
0.528014103,-35.24607668,5,N
-2.024225432,3.396851566,6,N
3.620587732,12.28827587,7,N
1.059263694,5.058878237,8,N
4.926368004,30.18061561,9,N
-5.244839049,-6.349363765,10,N
0.179301508,20.22955442,1,N
3.958807443,-20.93779009,2,N
-1.338362177,2.640235418,3,N
3.821987763,-5.165934784,4,N
-2.586514829,21.83292283,5,N
-0.797331138,22.57462892,6,N
-0.973264089,-14.20366857,7,N
-1.847982869,10.25796435,8,N
1.238918374,25.83013802,9,N
1.577681551,38.10085731,10,N
-1.963789083,12.22919172,1,N
1.735233167,7.048844952,2,N
-1.141071304,9.06699037,3,N
-1.0062215,-18.42904701,4,N
0.471407596,-4.543197932,5,N
-3.61254096,18.81547633,6,N
3.530211872,28.16184163,7,N
-0.538671997,-18.00952621,8,N
1.712889638,17.30180523,9,N
-0.425344581,-2.579883394,10,N
1.107353324,-1.414207121,1,N
1.601624634,28.12942338,2,N
2.925726246,4.725472015,3,N
-1.515904043,31.52796362,4,N
-0.026681303,19.95898373,5,N
1.54078381,19.81597804,6,N
-0.555416241,41.16231773,7,N
1.315380674,15.9534538,8,N
0.56450216,13.12620079,9,N
0.047231796,47.22741317,10,N
-3.465662354,10.452244,1,N
-2.037156235,0.414257115,2,N
-1.00113791,-1.879412436,3,N
-1.340613705,-17.73067673,4,N
-0.640894298,6.795312022,5,N
3.139929502,19.7128296,6,N
-1.373549364,1.732537096,7,N
-0.159140881,-6.253249003,8,N
-0.498081463,35.44661287,9,N
0.093261901,-6.820249448,10,N
-1.381917532,4.64238348,1,N
-0.360737594,33.83433989,2,N
2.725149523,42.48763882,3,N
-0.71026976,22.03583897,4,N
-1.052684779,12.79893737,5,N
5.480607289,3.448372916,6,N
-1.301473442,16.56683315,7,N
4.150358049,-14.6125856,8,N
-0.905807995,25.39817368,9,N
0.523701178,-12.78288411,10,N
-1.8373725,-1.103329394,1,N
-3.417844462,-16.01877884,2,N
1.440369549,19.75721235,3,N
0.81205579,13.46131434,4,N
1.814476547,4.834357618,5,N
-1.061551392,1.220167985,6,N
-2.537017075,7.792787266,7,N
-1.263691351,1.522637463,8,N
8.175546913,-12.56073124,9,N
1.13640242,18.21835641,10,N
1.513131314,23.93309259,1,N
-3.829405324,16.90739349,2,N
0.329362756,-12.64477218,3,N
-5.20906008,31.78063795,4,N
2.627928963,-8.78603541,5,N
-0.078778754,24.87879978,6,N
-2.156987757,14.48049679,7,N
-0.737740912,-2.220804679,8,N
0.812293368,4.368047182,9,N
-3.626686146,-17.32375636,10,N
-3.050238746,16.31670363,1,N
-1.595950112,-0.314691427,2,N
-0.831292596,11.83632013,3,N
-4.069757741,16.88109556,4,N
-4.009314809,42.05004924,5,N
0.618645984,27.65135554,6,N
2.63118171,8.86619691,7,N
-1.054635369,-3.788845461,8,N
1.373087327,-13.10238424,9,N
0.082313907,33.78119828,10,N
0.200227837,-39.26089923,1,N
1.088212875,24.15239493,2,N
2.906171532,18.99467501,3,N
1.016325438,20.88381746,4,N
0.492922355,27.55796481,5,N
-1.032366734,31.45308051,6,N
-2.051372002,11.88529342,7,N
-5.081080355,1.044223683,8,N
1.317595733,-5.07660483,9,N
1.189480638,15.73515476,10,N
-1.560146286,19.41603158,1,N
6.056659435,6.896967626,2,N
1.11340973,21.37129366,3,N
-0.401176397,35.50023532,4,N
-2.06184738,2.319724573,5,N
-0.010568683,-2.150755269,6,N
-1.188180269,20.29900168,7,N
0.418037962,55.9997272,8,N
0.640896831,-19.93260312,9,N
3.257543003,-2.9456328,10,N
2.969909106,11.67075529,1,N
-1.783650594,-2.987204583,2,N
0.640777038,-26.60132749,3,N
-0.868355287,3.101327318,4,N
-2.166617061,-5.327892172,5,N
-0.523836489,16.01948483,6,N
-2.99178343,-10.20752972,7,N
-4.035422844,5.529320156,8,N
-0.308341575,3.320593546,9,N
3.072385299,24.46532342,10,N
0.627600115,-4.190172038,1,N
0.442247353,-35.66037693,2,N
0.764560963,17.01160997,3,N
-0.717441781,22.69540804,4,N
2.033787033,-0.433343477,5,N
0.039340772,-34.40871783,6,N
0.291407039,-18.6475351,7,N
-0.042857107,34.2866349,8,N
-1.003544567,18.85464706,9,N
-0.262352521,46.06655692,10,N
-0.018084046,-0.402316426,1,N
-3.193639213,-2.280916014,2,N
2.793413372,1.250908833,3,N
-2.402180593,-3.338805279,4,N
0.123777717,-12.90318552,5,N
-2.621551099,15.43655403,6,N
1.232259209,23.48824485,7,N
-1.239626624,14.00401408,8,N
-2.980161102,-9.118428541,9,N
-0.248247356,36.12156007,10,N
-0.39011116,3.697608764,1,N
0.289993458,2.851686718,2,N
-2.642967943,51.60261435,3,N
0.097118695,-23.2537173,4,N
-1.636352156,16.61816209,5,N
0.440018734,-22.88730088,6,N
-0.116658619,-16.41983904,7,N
1.628268588,6.980250742,8,N
1.190948927,27.8528456,9,N
0.760673195,22.94687034,10,N
1.260436476,-23.2727598,1,N
5.609350483,-0.111536551,2,N
1.090105764,20.6622621,3,N
-2.67792738,1.255766876,4,N
-1.508453505,50.71096193,5,N
-1.031837842,38.57495629,6,N
3.69078025,7.589691461,7,N
3.785047344,9.347784585,8,N
0.814697525,5.119991161,9,N
-0.744525838,5.764392179,10,N
-0.434903613,22.35180891,1,N
1.955942555,-5.236094239,2,N
-0.004075495,15.13269352,3,N
-1.108704125,20.47615933,4,N
-0.003139889,-10.5254502,5,N
0.105042066,7.213047436,6,N
1.683664844,36.32185991,7,N
1.940902735,16.76325404,8,N
1.799479918,-10.07363672,9,N
0.732851706,4.047556818,10,N
-0.457662193,15.95955868,1,N
4.363694727,-30.07733554,2,N
6.293331311,20.39683843,3,N
3.234287845,-9.619209084,4,N
0.693364819,1.616867765,5,N
2.43451609,-2.314382068,6,N
-2.162082605,16.9319136,7,N
2.746719902,24.79471283,8,N
0.657395622,23.96231559,9,N
-1.893888126,35.59599958,10,N